SMILES,HOMO,LUMO,J,V,FF,PCE,refJ,refV,refFF,refPCE,doi
COC1=CC=C(N(C2=CC=C(C3=C4C=C(N(C5=CC=C(OC)C=C5)C6=CC=C(OC)C=C6)C=C3)C(N4C7=CC=C(OC)C=C7)=C2)C8=CC=C(OC)C=C8)C=C1,-5.43,0.5,17.14,0.76,0.58,7.6,16.82,0.83,0.73,10.2,10.1002/adma.201402415
CCCCCCCCC1(CCCCCCCC)C2=C(C=CC(C3=CC4=C(C(C=CC=C5)=C5C46C7=C(C8=C6C=CC=C8)C=CC=C7)C=C3)=C2)C9=C1C=C(N(C%10=CC(C%11(CCCCCCCC)CCCCCCCC)=C(C%12=C%11C=C(C%13=CC%14=C(C(C=CC=C%15)=C%15C%14%16C%17=C(C%18=C%16C=CC=C%18)C=CC=C%17)C=C%13)C=C%12)C=C%10)C%19=CC=C(N(C%20=C%21C=CC=C%20)C%22=C%21C=CC=C%22)C=C%19)C=C9,-5.26,-2.37,20.91,1.09,0.75,17.21,20.71,1.05,0.77,16.67,10.1002/adma.201503729
CCCCCCCCC1(CCCCCCCC)C2=C(C=CC(C3=CC4=C(C(C=CC(C#N)=C5)=C5C46C7=C(C8=C6C=CC=C8)C=CC=C7)C=C3)=C2)C9=C1C=C(N(C%10=CC(C%11(CCCCCCCC)CCCCCCCC)=C(C%12=C%11C=C(C%13=CC%14=C(C(C=CC(C#N)=C%15)=C%15C%14%16C%17=C(C%18=C%16C=CC=C%18)C=CC=C%17)C=C%13)C=C%12)C=C%10)C%19=CC=C(N(C%20=C%21C=CC=C%20)C%22=C%21C=CC=C%22)C=C%19)C=C9,-5.27,-2.57,20.38,1.04,0.76,16.04,20.71,1.05,0.77,16.67,10.1002/adma.201503729
COC(C=C1)=CC=C1N(C2=CC=C(OC)C=C2)C3=CC4=C5C(C=C(N(C6=CC=C(OC)C=C6)C7=CC=C(OC)C=C7)S5)=C8C(C=C(N(C9=CC=C(OC)C=C9)C%10=CC=C(OC)C=C%10)S8)=C4S3,-5.2,-,20.4,1.04,0.72,16,21.6,1.09,0.77,18.1,10.1002/anie.201511877
COC(C=C1)=CC=C1N(C2=CC(C3=C4C=CC(N(C5=CC=C(OC)C=C5)C6=CC=C(OC)C=C6)=C3)=C(C=C2)N4C7=CC8=C9C(C=C(N%10C(C=CC(N(C%11=CC=C(OC)C=C%11)C%12=CC=C(OC)C=C%12)=C%13)=C%13C%14=C%10C=CC(N(C%15=CC=C(OC)C=C%15)C%16=CC=C(OC)C=C%16)=C%14)S9)=C%17C(C=C(N%18C(C=CC(N(C%19=CC=C(OC)C=C%19)C%20=CC=C(OC)C=C%20)=C%21)=C%21C%22=C%18C=CC(N(C%23=CC=C(OC)C=C%23)C%24=CC=C(OC)C=C%24)=C%22)S%17)=C8S7)C%25=CC=C(OC)C=C%25,-5.2,-,20.6,1.09,0.77,17,21.6,1.09,0.77,18.1,10.1002/anie.201511877
COC(C=C1)=CC=C1N(C2=CC=C(C3=CC4=C5C(C=C(C6=CC=C(N(C7=CC=C(OC)C=C7)C8=CC=C(OC)C=C8)C=C6)S5)=C9C(C=C(C%10=CC=C(N(C%11=CC=C(OC)C=C%11)C%12=CC=C(OC)C=C%12)C=C%10)S9)=C4S3)C=C2)C%13=CC=C(OC)C=C%13,-5.4,-,21.9,1.07,0.77,18.2,21.6,1.09,0.77,18.1,10.1002/anie.201511877
COC(C=C1)=CC=C1N(C2=CC=C(OC)C=C2)C3=CC=C4C(C(OC5(C6=C7SC=C6)C8=CC(N(C9=CC=C(OC)C=C9)C%10=CC=C(OC)C=C%10)=CC=C8C%11=C5C=C(N(C%12=CC=C(OC)C=C%12)C%13=CC=C(OC)C=C%13)C=C%11)(C%14=C7SC=C%14)C%15=C4C=CC(N(C%16=CC=C(OC)C=C%16)C%17=CC=C(OC)C=C%17)=C%15)=C3,-5.07,-2.05,22.37,1.1,0.79,19.4,22.44,1.12,0.75,18.8,10.1039/C6TA09028A
COC(C=C1)=CC=C1N(C2=CC=C(OC)C=C2)C3=CC(/C(C4=C5C=CC(N(C6=CC=C(OC)C=C6)C7=CC=C(OC)C=C7)=C4)=C/C8=CC(/C=C(C9=C%10C=CC(N(C%11=CC=C(OC)C=C%11)C%12=CC=C(OC)C=C%12)=C9)/C%13=C%10C=CC(N(C%14=CC=C(OC)C=C%14)C%15=CC=C(OC)C=C%15)=C%13)=CC(C=C(C%16=C%17C=CC(N(C%18=CC=C(OC)C=C%18)C%19=CC=C(OC)C=C%19)=C%16)C%20=C%17C=CC(N(C%21=CC=C(OC)C=C%21)C%22=CC=C(OC)C=C%22)=C%20)=C8)=C5C=C3,-,-,21.7,1.14,0.71,17.77,22.3,1.12,0.73,18.25,10.1039/C5EE03911H
COC(C=C1)=CC=C1N(C2=CC=C(OC)C=C2)C3=CC(/C(C4=C5C=CC(N(C6=CC=C(OC)C=C6)C7=CC=C(OC)C=C7)=C4)=C/C8=C(C=C(C9=C%10C=CC(N(C%11=CC=C(OC)C=C%11)C%12=CC=C(OC)C=C%12)=C9)C%13=C%10C=CC(N(C%14=CC=C(OC)C=C%14)C%15=CC=C(OC)C=C%15)=C%13)C=CC=C8)=C5C=C3,-,-,23.3,1.12,0.75,19.47,22.3,1.12,0.73,18.25,10.1039/C5EE03911H
COC(C=C1)=CC=C1N(C2=CC=C(OC)C=C2)C3=CC(/C(C4=C5C=CC(N(C6=CC=C(OC)C=C6)C7=CC=C(OC)C=C7)=C4)=C\C8=CC=C(/C=C(C9=C%10C=CC(N(C%11=CC=C(OC)C=C%11)C%12=CC=C(OC)C=C%12)=C9)\C%13=C%10C=CC(N(C%14=CC=C(OC)C=C%14)C%15=CC=C(OC)C=C%15)=C%13)S8)=C5C=C3,-,-,22.5,1.14,0.77,19.96,22.3,1.15,0.73,18.25,10.1039/C5EE03911H
COC(C=C1)=CC=C1N(C2=CC=C(OC)C=C2)C(C=C3)=CC4=C3C5=C(C4C(C6=C7C=CC(N(C8=CC=C(OC)C=C8)C9=CC=C(OC)C=C9)=C6)C%10=C7C=CC(N(C%11=CC=C(OC)C=C%11)C%12=CC(OC)=CC=C%12)=C%10)C=C(N(C%13=CC=C(OC)C=C%13)C%14=CC(OC)=CC=C%14)C=C5,-5,-2.08,24.2,1.15,0.71,19.8,23.3,1.1,0.72,18.9,10.1002/aenm.201601062
COC(C=C1)=CC=C1N(C2=CC=C(OC)C=C2)C(C=C3)=CC4=C3C5=C(/C4=C(C6=C7C=CC(N(C8=CC=C(OC)C=C8)C9=CC=C(OC)C=C9)=C6)/C%10=C7C=CC(N(C%11=CC=C(OC)C=C%11)C%12=CC(OC)=CC=C%12)=C%10)C=C(N(C%13=CC=C(OC)C=C%13)C%14=CC(OC)=CC=C%14)C=C5,-4.89,-2.73,22.7,1.07,0.69,16.6,23.3,1.1,0.72,18.9,10.1002/aenm.201601062
COC(C=C1)=CC=C1N(C2=CC=C(OC)C=C2)C(C=C3)=CC4=C3C5=C(C46C(C=CC=C7)=C7OC8=C6C=CC=C8)C=C(N(C9=CC=C(OC)C=C9)C%10=CC(OC)=CC=C%10)C=C5,-5.15,-2.1,23.4,1.13,0.63,19.8,24.6,1.16,0.73,20.8,10.1016/j.nanoen.2016.03.020
COC(C=C1)=CC=C1N(C2=CC=C(OC)C=C2)C(C=C3)=CC4=C3C5=C(C4(C6=C7C=CC(N(C8=CC=C(OC)C=C8)C9=CC=C(OC)C=C9)=C6)C%10=C(O7)C=CC(N(C%11=CC=C(OC)C=C%11)C%12=CC(OC)=CC=C%12)=C%10)C=C(N(C%13=CC=C(OC)C=C%13)C%14=CC(OC)=CC=C%14)C=C5,-,-,24.2,1.14,0.71,19.84,24.1,1.14,0.69,19.26,10.1039/C6EE00056H
COC(C=C1)=CC=C1N(C2=CC=C(OC)C=C2)C(C=C3)=CC4=C3C5=C(C4(C6=C7SC=C6)C8=C7SC=C8)C=C(N(C9=CC=C(OC)C=C9)C%10=CC(OC)=CC=C%10)C=C5,-5.16,-2.88,22.7,1.15,0.76,20.2,22.3,1.13,0.77,19.7,10.1038/nenergy.2015.17
CC(C=C1)=CC=C1N(C2=CC=C(C)C=C2)C(C=C3)=CC=C3/C=C/C(C=C4)=CC=C4N(C5=CC=C(OC)C=C5)C(C=C6)=CC=C6/C=C/C(C=C7)=CC=C7N(C8=CC=C(C)C=C8)C(C=C9)=CC=C9C,-5.34,-2.62,20.46,1.09,0.66,15.3,20.94,1.08,0.69,16.6,10.1002/cssc.201600905
COC(C=C1)=CC=C1N(C2=CC=C(/C=C/C3=CC=C(N(C4=CC=C(OC)C=C4)C5=CC=C(OC)C=C5)C=C3)C=C2)C(C=C6)=CC=C6/C=C/C(C=C7)=CC=C7N(C8=CC=C(OC)C=C8)C(C=C9)=CC=C9OC,-5.14,-2.43,21.27,1.05,0.69,16.1,20.94,1.08,0.69,16.6,10.1002/cssc.201600905
COC(C=C1)=CC=C1N(C2=CC=C(/C=C/C3=CC=C(N(CC)C4=C5C=CC=C4)C5=C3)C=C2)C(C=C6)=CC=C6/C=C/C7=CC=C8C(C(C=CC=C9)=C9N8CC)=C7,-5.42,-2.61,18.02,0.98,0.58,10.8,20.94,1.08,0.69,16.6,10.1002/cssc.201600905
COC(C=C1)=CC=C1N(C2=CC=C(/C(C3=CC=C(N(C4=CC=C(OC)C=C4)C5=CC=C(OC)C=C5)C=C3)=C(C6=CC=C(N(C7=CC=C(OC)C=C7)C8=CC=C(OC)C=C8)C=C6)/C(C=C9)=CC=C9N(C%10=CC=C(OC)C=C%10)C%11=CC=C(OC)C=C%11)C=C2)C%12=CC=C(OC)C=C%12,-5.17,-2.48,19.63,1.03,0.65,13.04,20.58,1.03,0.71,15.01,10.1002/chem.201603672
COC(C=C1)=CC=C1N(C2=CC=C(/C(C3=CC=C(N(C4=CC=C(OC)C=C4)C5=CC=CC(OC)=C5)C=C3)=C(C6=CC=C(N(C7=CC=C(OC)C=C7)C8=CC=CC(OC)=C8)C=C6)/C(C=C9)=CC=C9N(C%10=CC=C(OC)C=C%10)C%11=CC(OC)=CC=C%11)C=C2)C%12=CC(OC)=CC=C%12,-5.3,-2.6,20.04,1.07,0.71,15.44,20.58,1.03,0.71,15.01,10.1002/chem.201603672
COC(C=C1)=CC=C1N(C2=CC=C(/C(C3=CC=C(N(C4=CC=C(OC)C=C4)C5=CC=CC=C5OC)C=C3)=C(C6=CC=C(N(C7=CC=C(OC)C=C7)C8=CC=CC=C8OC)C=C6)/C(C=C9)=CC=C9N(C%10=CC=C(OC)C=C%10)C%11=C(OC)C=CC=C%11)C=C2)C%12=C(OC)C=CC=C%12,-5.2,-2.5,19.23,1.02,0.41,8.08,20.58,1.03,0.71,15.01,10.1002/chem.201603672
CCCCCCC(C=C(C1=CC=NC=C1)S2)=C2C3=CC=C(C4=NSN=C43)C(S5)=C(CCCCCC)C=C5C6=CC7=C(S6)C(OCC(CC)CCCC)=C8C(SC(C9=CC(CCCCCC)=C(C%10=CC=C(C%11=C(CCCCCC)C=C(C%12=CC=NC=C%12)S%11)C%13=NSN=C%10%13)S9)=C8)=C7OCC(CC)CCCC,-5.33,-3.49,19.83,1.04,0.66,13.5,23.86,1.08,0.68,17.4,10.1016/j.nanoen.2016.10.041
CCCCN(CCCC)C(C=C1)=CC=C1/C=C/C2=CC=C(N(C3=CC=C(/C=C/C4=CC=C(N(CCCC)CCCC)C=C4)C=C3)C5=CC=C(/C=C/C6=CC=C(N(CCCC)CCCC)C=C6)C=C5)C=C2,-5.24,-2.63,21.07,1.06,0.66,15.4,21.43,1.04,0.65,14.9,10.1039/C6TA05254A
CC(C)(C)C1=CC2=C(C=C1)C3=CC=C(C(C)(C)C)C=C3C24C5=C(C6=C4C=C(N(C7=CC=C(OC)C=C7)C8=CC=C(OC)C=C8)C=C6)C=CC(N(C9=CC=C(OC)C=C9)C%10=CC=C(OC)C=C%10)=C5,-5.16,-2.17,22.7,1.07,0.7,16.6,21.47,1.06,0.71,16.12,10.1039/C6RA21448G
COC1=CC=C(N(C2=CC=C(OC)C=C2)C3=CC=C(C4=C5C=C(N(C6=CC=C(OC)C=C6)C7=CC=C(OC)C=C7)C=C4)C(C(C8=CC(N(C9=CC=C(OC)C=C9)C%10=CC=C(OC)C=C%10)=CC=C8O%11)5C%12=C%11C=CC(N(C%13=CC=C(OC)C=C%13)C%14=CC=C(OC)C=C%14)=C%12)=C3)C=C1,-5.16,-2.2,21.3,0.98,0.59,12.04,23.16,0.92,0.61,13,10.1039/C6TA00110F
COC1=CC=C(N(C2=CC=C(C3=CC=C(N(C4=CC=C(C5=CC=C(N(C6=CC=C(OC)C=C6)C7=CC=C(OC)C=C7)C=C5)C=C4)C8=CC=C(OC)C=C8)C=C3)C=C2)C9=CC=C(OC)C=C9)C=C1,-5.04,-,21,1.12,0.64,15.45,-,-,-,-,10.1002/aenm.201502536
COC1=CC=C(N(C2=CC3=C(C4=CC=C(N(C5=CC=C(C6=C7C=C(N(C8=CC=C(OC)C=C8)C9=CC=C(OC)C=C9)C=C6)C(C7(CCCC)CCCC)=C5)C%10=CC=C(OC)C=C%10)C=C4C3(CCCC)CCCC)C=C2)C%11=CC=C(OC)C=C%11)C=C1,-4.9,-,21.84,1.08,0.72,17.33,-,-,-,-,10.1002/aenm.201502536
COC1=CC=C(N(C2=CC3=C(C4=CC=C(N(C5=CC=C(C6=C7C=C(N(C8=CC=C(OC)C=C8)C9=CC=C(OC)C=C9)C=C6)C(C7(CCCCCC)CCCCCC)=C5)C%10=CC=C(OC)C=C%10)C=C4C3(CCCCCC)CCCCCC)C=C2)C%11=CC=C(OC)C=C%11)C=C1,-4.9,-,20.98,1.04,0.66,14.6,-,-,-,-,10.1002/aenm.201502536
COC1=CC=C(N(C2=CC=C(C3=CC=C(N(C4=CC=C(C5=CC=C(N(C6=CC=C(OCCCCCC)C=C6)C7=CC=C(OC)C=C7)C=C5)C=C4)C8=CC=C(OCCCCCC)C=C8)C=C3)C=C2)C9=CC=C(OCCCCCC)C=C9)C=C1,-4.99,-,17.85,1.08,0.64,12.31,-,-,-,-,10.1002/aenm.201502536
COC1=CC=C(N(C2=CC(C(C=C(N(C3=CC=C(OC)C=C3)C4=CC=C(OC)C=C4)C=C5)=C5N6C7=CC=C(OC)C(C8=C(OC)C=CC(N9C%10=C(C=C(N(C%11=CC=C(OC)C=C%11)C%12=CC=C(OC)C=C%12)C=C%10)C%13=C9C=CC(N(C%14=CC=C(OC)C=C%14)C%15=CC=C(OC)C=C%15)=C%13)=C8)=C7)=C6C=C2)C%16=CC=C(OC)C=C%16)C=C1,-5.26,-2.33,8.47,1.03,0.52,4.53,20.81,1.02,0.77,16.78,10.1016/j.electacta.2016.05.203
COC1=CC=C(N(C2=CC(C3=CC(N(C4=CC=C(OC)C=C4)C5=CC=C(OC)C=C5)=CC=C3OC)=C(OC)C=C2)C6=CC=C(OC)C=C6)C=C1,-5.42,-2.13,0.8,0.6,0.4,0.19,20.81,1.02,0.77,16.78,10.1016/j.electacta.2016.05.203
COC1=CC=C(N(C2=C(C)C(C3=C(C)C(N(C4=CC=C(OC)C=C4)C5=CC=C(OC)C=C5)=C(C)C(N(C6=CC=C(OC)C=C6)C7=CC=C(OC)C=C7)=C3C)=C(C)C(N(C8=CC=C(OC)C=C8)C9=CC=C(OC)C=C9)=C2C)C%10=CC=C(OC)C=C%10)C=C1,-5.24,-1.77,18.89,1.01,0.64,12.11,20.73,0.92,0.66,12.69,10.1002/cssc.201501392
CC(C(C1=CC=C(N(C2=CC=C(OC)C=C2)C3=CC=C(OC)C=C3)C=C1)=C(C)C(C4=C(C)C(C5=CC=C(N(C6=CC=C(OC)C=C6)C7=CC=C(OC)C=C7)C=C5)=C(C)C(C8=CC=C(N(C9=CC=C(OC)C=C9)C%10=CC=C(OC)C=C%10)C=C8)=C4C)=C%11C)=C%11C%12=CC=C(N(C%13=CC=C(OC)C=C%13)C%14=CC=C(OC)C=C%14)C=C%12,-5.17,-1.8,17.31,0.98,0.57,9.7,20.73,0.92,0.66,12.69,10.1002/cssc.201501392
CC(C(C1=CC=C(C2=CC=C(N(C3=CC=C(OC)C=C3)C4=CC=C(OC)C=C4)C=C2)S1)=C(C)C(C5=C(C)C(C6=CC=C(C7=CC=C(N(C8=CC=C(OC)C=C8)C9=CC=C(OC)C=C9)C=C7)S6)=C(C)C(C%10=CC=C(C%11=CC=C(N(C%12=CC=C(OC)C=C%12)C%13=CC=C(OC)C=C%13)C=C%11)S%10)=C5C)=C%14C)=C%14C%15=CC=C(C%16=CC=C(N(C%17=CC=C(OC)C=C%17)C%18=CC=C(OC)C=C%18)C=C%16)S%15,-5.13,-2.11,7.64,0.89,0.34,2.3,20.73,0.92,0.66,12.69,10.1002/cssc.201501392
COC1=CC=C(N(C2=CC=C(OC)C=C2)C3=CC=C(C(S4)=C5C(OCCO5)=C4C6=CC=C(N(C7=CC=C(C8=C(OCCO9)C9=C(C%10=CC=C(N(C%11=CC=C(OC)C=C%11)C%12=CC=C(OC)C=C%12)C=C%10)S8)C=C7)C%13=CC=C(C%14=C(OCCO%15)C%15=C(C%16=CC=C(N(C%17=CC=C(OC)C=C%17)C%18=CC=C(OC)C=C%18)C=C%16)S%14)C=C%13)C=C6)C=C3)C=C1,-5.24,-2.42,21.01,0.92,0.67,12.92,20.91,0.97,0.69,13.84,10.1016/j.dyepig.2015.11.025
COC1=CC=C(N(C2=CC=C(OC)C=C2)C3=CC=C(C(C4=NSN=C45)=CC=C5C6=CC=C(N(C7=CC=C(C8=CC=C(C9=NSN=C98)C%10=CC=C(N(C%11=CC=C(OC)C=C%11)C%12=CC=C(OC)C=C%12)C=C%10)C=C7)C%13=CC=C(C%14=CC=C(C%15=NSN=C%15%14)C%16=CC=C(N(C%17=CC=C(OC)C=C%17)C%18=CC=C(OC)C=C%18)C=C%16)C=C%13)C=C6)C=C3)C=C1,-5.34,-3.16,20.6,0.88,0.59,10.33,20.91,0.97,0.69,13.84,10.1016/j.dyepig.2015.11.025
CCCCN(CCCC)C1=CC=C(/C=C\C2=CC=C(N(C3=CC=C(C=CC4=CC=C(N(CCCCC)CCCCC)C=C4)C=C3)C5=CC=C(/C=C/C6=CC=C(N(C7=CC=CC=C7)C8=CC=C(/C=C/C9=CC=C(N(C%10=CC=C(/C=C\C%11=CC=C(N(CCCC)CCCC)C=C%11)C=C%10)C%12=CC=C(/C=C/C%13=CC=C(N(CCCCC)CCCCC)C=C%13)C=C%12)C=C9)C=C8)C=C6)C=C5)C=C2)C=C1,-5.21,-2.39,20.52,1.1,0.7,16.3,20.9,1.05,0.68,15.1,10.1002/aenm.201600401
CN(C)C1=CC=C(N(C2=CC=C(/C(C3=CC=C(N(C4=CC=C(N(C)C)C=C4)C5=CC=C(N(C)C)C=C5)C=C3)=C(C6=CC=C(N(C7=CC=C(N(C)C)C=C7)C8=CC=C(N(C)C)C=C8)C=C6)/C9=CC=C(N(C%10=CC=C(N(C)C)C=C%10)C%11=CC=C(N(C)C)C=C%11)C=C9)C=C2)C%12=CC=C(N(C)C)C=C%12)C=C1,-5.03,-2.33,21.69,0.87,0.73,13.78,20.58,1.03,0.71,15.01,10.1016/j.orgel.2016.10.022
COC1=CC=C(N(C2=CC=C(/C(C3=CC=C(N(C4=CC=C(OC)C=C4)C5=CC=C(OC)C=C5)C=C3)=C(C6=CC=C(N(C7=CC=C(OC)C=C7)C8=CC=C(OC)C=C8)C=C6)/C9=CC=C(N(C%10=CC=C(OC)C=C%10)C%11=CC=C(OC)C=C%11)C=C9)C=C2)C%12=CC=C(OC)C=C%12)C=C1,-5.17,-2.48,19.63,1.02,0.65,13.04,20.58,1.03,0.71,15.01,10.1016/j.orgel.2016.10.022
COC1=CC=C(N(C2=CC=C(/C(C3=CC=C(N(C4=CC=C(OC)C=C4)C5=CC=C(OC)C=C5)C=C3)=C\C(C#N)=C(C#N)/C#N)C=C2)C6=CC=C(OC)C=C6)C=C1,-5.35,-3.73,21.06,1.06,0.79,17.68,12.28,1.05,0.39,4.96,10.1021/jacs.6b06291
CCC(CCCCCC)[Si](C1=C2SC(/C=C3C(N(CC)C(S/3)=S)=O)=C1)(C(CC)CCCCCC)C4=C2SC(C5=CC6=C(C7=CC=C(C(CC)CCCCCC)S7)C8=C(C=C(C9=CC([Si](C(CC)CCCCCC)(C(CC)CCCCCC)C%10=C%11SC(/C=C%12C(N(CC)C(S/%12)=S)=O)=C%10)=C%11S9)S8)C(C%13=CC=C(C(CC)CCCCCC)S%13)=C6S5)=C4,-5.09,-2.92,21.2,1.05,0.73,16.2,18.1,0.94,0.32,5.4,10.1002/adma.201504293
CCC(CCCCCC)[Si](C1=C2SC(/C=C3C(N(CCCCCCCC)C(S/3)=S)=O)=C1)(C(CC)CCCCCC)C4=C2SC(C5=C(F)C(F)=C(C6=CC([Si](C(CC)CCCCCC)(C(CC)CCCCCC)C7=C8SC(/C=C9C(N(CCCCCCCC)C(S/9)=S)=O)=C7)=C8S6)C%10=NSN=C5%10)=C4,-5.15,-3.22,17.1,0.98,0.37,6.2,18.1,0.94,0.32,5.4,10.1002/adma.201504293
CCC(CCCCCC)C1=CC=C(C2=CC=C(C3=C(C4=C(C5=CC=C(C6=CC=C(C(CCCCCC)CC)S6)S5)SC(C7=CC=C(C8=CC=C(C(CCCCCC)CC)S8)S7)=C4)C=C(C9=CC=C(C%10=CC=C(C(CC)CCCCCC)S%10)S9)S3)S2)S1,-5.16,-2.42,15.7,0.85,0.65,8.69,12.93,0.84,0.5,5.38,10.1039/c6ta00032k
CCCCCCCC1=CC=C(C2=CC=C(C3=C(C4=C(C5=CC=C(C6=CC=C(CCCCCCC)S6)S5)SC(C7=CC=C(C8=CC=C(CCCCCCC)S8)S7)=C4)C=C(C9=CC=C(C%10=CC=C(CCCCCCC)S%10)S9)S3)S2)S1,-5.15,-2.38,15.6,0.85,0.63,8.35,12.93,0.84,0.5,5.38,10.1039/c6ta00032k
CCOCCOCC1=CC=C(C2=CC=C(C3=CC(C4=C(C5=CC=C(C6=CC=C(COCCOCC)S6)S5)SC(C7=CC=C(C8=CC=C(COCCOCC)S8)S7)=C4)=C(C9=CC=C(C%10=CC=C(COCCCOCC)S%10)S9)S3)S2)S1,-5.14,-2.43,16.51,0.85,0.69,9.73,12.93,0.84,0.5,5.38,10.1039/c6ta00032k
CCCCCCC(S1)=CC=C1C2=CC=C(N(C3=CC=C(C4=CC=C(CCCCCC)S4)C=C3)C5=CC=C(C6=CC=C(CCCCCC)S6)C=C5)C=C2,-4.94,-2.77,8.8,0.97,0.41,3.5,17.8,1.06,0.71,13.4,10.1139/cjc-2015-0427
O=C1N(CCCCCC)C(C2=CC=C(C3=COC(C4=CC=C(N(C5=CC=C(C6=CC=C(C7=CC=C8C(C(N(CCCCCC)C8=O)=O)=C7)O6)C=C5)C9=CC=C(C%10=CC(C%11=CC=C(C(N(CCCCCC)C%12=O)=O)C%12=C%11)=CO%10)C=C9)C=C4)=C3)C=C21)=O,-5.08,-2.9,4.2,0.92,0.52,2,17.8,1.06,0.71,13.4,10.1139/cjc-2015-0427
O=C1N(C(C)C)C(C2=CC=C(C3=COC(C4=C5C(C(N4C(CC)CCCC)=O)=C(C6=CC=C(N(C7=CC=C(C8=C9C(C(N8C(CC)CCCC)=O)=C(C%10=CC=C(C%11=CC=C%12C(C(N(C(CC)CC)C%12=O)=O)=C%11)O%10)N(C(CC)CCCC)C9=O)C=C7)C%13=CC=C(C%14=C%15C(C(N%14C(CC)CCCC)=O)=C(C%16=CC(C%17=CC=C(C(N(C(CC)CC)C%18=O)=O)C%18=C%17)=CO%16)N(C(CC)CCCC)C%15=O)C=C%13)C=C6)N(C(CC)CCCC)C5=O)=C3)C=C21)=O,-5.04,-3.36,3.4,0.85,0.31,0.9,17.8,1.06,0.71,13.4,10.1139/cjc-2015-0427
CCCCCCC1=CC=C(C2=CC=C(C3=CC(F)=C(C4=CC5=C(C(C=C(C6=C(F)C=C(C7=CC=C(C8=CC=C(CCCCCC)S8)S7)C9=NSN=C69)S%10)=C%10[Si]5(C(CC)CCCC)C(CC)CCCC)S4)C%11=NSN=C3%11)S2)S1,-5.03,-3.37,10,0.89,0.31,2.8,17.8,1.06,0.71,13.4,10.1139/cjc-2015-0427
CCCCCCC1=CC=C(C2=CC=C(C3=CC=C(C4=C(CCCCCC)C=C(C5=CC(C(OCC(CCCC)CC)=C(SC(C(S6)=CC(CCCCCC)=C6C7=CC=C(C8=CC=C(C9=CC=C(CCCCCC)S9)S8)C%10=NSN=C7%10)=C%11)C%11=C%12OCC(CCCCC)CC)=C%12S5)S4)C%13=NSN=C3%13)S2)S1,-5.26,-3.57,18.4,1,0.76,13.9,19.6,0.98,0.71,13.8,10.1016/j.nanoen.2016.03.007
COC1=CC=C(N(C2=CC=C(N(C3=CC=C4C(C(C=C(N(C5=CC=C(N(C6=CC=C(OC)C=C6)C7=CC=C(OC)C=C7)C=C5)C8=CC=C(N(C9=CC=C(OC)C=C9)C%10=CC=C(OC)C=C%10)C=C8)C=C%11)=C%11O4)=C3)C%12=CC=C(N(C%13=CC=C(OC)C=C%13)C%14=CC=C(OC)C=C%14)C=C%12)C=C2)C%15=CC=C(OC)C=C%15)C=C1,-5.01,-,23.22,0.99,0.66,15.04,21.56,1.01,0.65,14.2,10.1039/c6ta00976j
COC1=CC=C(N(C2=CC(C3=C(N4C5=CC=C6C(C(C=C(N(C7=CC=C(N(C8=CC=C(OC)C=C8)C9=CC=C(OC)C=C9)C=C7%10)C%11=C%10C=C(N(C%12=CC=C(OC)C=C%12)C%13=CC=C(OC)C=C%13)C=C%11)C=C%14)=C%14O6)=C5)C=CC(N(C%15=CC=C(OC)C=C%15)C%16=CC=C(OC)C=C%16)=C3)=C4C=C2)C%17=CC=C(OC)C=C%17)C=C1,-5.14,-,21.22,1.03,0.64,14.07,21.56,1.01,0.65,14.2,10.1039/c6ta00976j
COC1=CC=C(N(C2=CC=C(C3=NN=C(C4=CC=C(N(C5=CC=C(OC)C=C5)C6=CC=C(OC)C=C6)C=C4)O3)C=C2)C7=CC=C(OC)C=C7)C=C1,-5.46,-2.62,5.8,1.49,0.7,6.12,5.5,1.41,0.73,5.8,10.1002/cssc.201501665
-,-5.09,-3.44,21.75,0.97,0.7,14.74,21.11,1,0.72,15.33,10.1039/c5nr05697g
-,-5.08,-3.42,21.11,0.96,0.72,14.73,21.11,1,0.72,15.33,10.1039/c5nr05697g
COC1=CC=C(N(C2=CC=C(C(C=CC(N(C3=CC=C(OC)C=C3)C4=CC=C(OC)C=C4)=C5)=C5N6CCCCCC)C6=C2)C7=CC=C(OC)C=C7)C=C1,-4.85,-,19.9,0.99,0.55,10.9,17.5,0.99,0.55,13.3,10.1021/acsami.5b10093
COC1=CC=C(N(C2=CC=C(C(C=CC(N(C3=CC=C(OC)C=C3)C4=CC=C(OC)C=C4)=C5)=C5N6CC(CC)CCCC)C6=C2)C7=CC=C(OC)C=C7)C=C1,-,-,18.6,0.94,0.6,13.2,17.5,0.99,0.55,13.3,10.1021/acsami.5b10093
CCCCCCOC(C=C1OCCCCCC)=CC=C1C2=CC=C(N(C3=CC=C(C4=CC(N(CCCCCC)C5=C6SC7=C5N(CCCCCC)C8=C7SC(/C=C(C#N)/C#N)=C8)=C6S4)C=C3)C9=CC=C(C%10=C(OCCCCCC)C=C(OCCCCCC)C=C%10)C=C9)C=C2,-5.16,-3.56,16.1,1.02,0.44,7.3,21.5,1.02,0.49,10.7,10.1002/cssc.201501510
COC1=CC=C(N(C2=CC=C(C3=NN=C(C4=CC=C(N(C5=CC=C(OC)C=C5)C6=CC=C(OC)C=C6)C=C4)N3C7=CC=CC=C7)C=C2)C8=CC=C(OC)C=C8)C=C1,-5.17,-2.06,20.3,0.97,0.55,10.9,21.6,1,0.68,14.7,10.1002/asia.201501178
COC1=CC=C(N(C2=CC=C(C(S3)=CC=C3C4=NN=C(C5=CC=C(C6=CC=C(N(C7=CC=C(OC)C=C7)C8=CC=C(OC)C=C8)C=C6)S5)N4C9=CC=CC=C9)C=C2)C%10=CC=C(OC)C=C%10)C=C1,-5.08,-2.43,21.8,1,0.66,14.4,21.6,1,0.68,14.7,10.1002/asia.201501178
N(C1=CC=CC=C1)(C2=CC=C(N3C(C=C(C=CC=C4)C4=C5)=C5N(C6=CC=C(N(C7=CC=CC=C7)C8=CC=CC=C8)C=C6)C9=C3C=CC=C9)C=C2)C%10=CC=CC=C%10,-5.34,-2.57,15.29,0.9,0.62,8.52,13.27,0.89,0.29,3.55,10.1016/j.jechem.2016.03.021
COC1=CC=C(N(C2=CC=C(N3C(C=C(C=CC=C4)C4=C5)=C5N(C6=CC=C(N(C7=CC=C(OC)C=C7)C8=CC=C(OC)C=C8)C=C6)C9=C3C=CC=C9)C=C2)C%10=CC=C(OC)C=C%10)C=C1,-5.29,-2.52,16.89,0.92,0.67,10.36,13.27,0.89,0.29,3.55,10.1016/j.jechem.2016.03.021
N(C1=CC=CC=C1)(C2=CC=C(C3=C(OC(C=CC=C4)=C4O5)C5=C(S3)C6=CC=C(N(C7=CC=CC=C7)C8=CC=CC=C8)C=C6)C=C2)C9=CC=CC=C9,-5.45,-2.58,18.31,0.91,0.64,10.64,-,-,-,-,10.1002/asia.201501423
COC1=CC=C(N(C2=CC=C(C3=C(OC(C=CC=C4)=C4O5)C5=C(S3)C6=CC=C(N(C7=CC=C(OC)C=C7)C8=CC=C(OC)C=C8)C=C6)C=C2)C9=CC=C(OC)C=C9)C=C1,-5.32,-2.53,16.58,0.78,0.52,6.69,-,-,-,-,10.1002/asia.201501423
COC1=CC=C(N(C2=CC=C(C(S3)=CC(CCCCCC)=C3C(S4)=C5C(OCCO5)=C4C6=C(CCCCCC)C=C(C7=CC=C(N(C8=CC=C(OC)C=C8)C9=CC=C(OC)C=C9)C=C7)S6)C=C2)C%10=CC=C(OC)C=C%10)C=C1,-5.21,-2.64,21.44,1.01,0.65,13.91,18.9,0.99,0.69,12.95,10.1016/j.electacta.2016.05.122
COC1=CC=C(N(C2=CC=C(C3=CC4=C(C5=CC=C(CC(CCCCC)CC)S5)C6=C(C=C(C7=CC=C(N(C8=CC=C(OC)C=C8)C9=CC=C(OC)C=C9)C=C7)S6)C(C%10=CC=C(CC(CCCC)CC)S%10)=C4S3)C=C2)C%11=CC=C(OC)C=C%11)C=C1,-5.12,-2.51,17.47,0.91,0.41,6.45,18.9,0.99,0.69,12.95,10.1016/j.electacta.2016.05.122
COC1=CC=C(N(C2=C(F)C(N(C3=CC=C(OC)C=C3)C4=CC=C(OC)C=C4)=C(N(C5=CC=C(OC)C=C5)C6=CC=C(OC)C=C6)C(F)=C2N(C7=CC=C(OC)C=C7)C8=CC=C(OC)C=C8)C9=CC=C(OC)C=C9)C=C1,-5.2,-,15.7,0.84,0.55,7.2,-,-,-,-,10.1021/acs.chemmater.6b00858
COC(C=C1)=CC=C1N(C2=CC=C(/C(C3=CC=C(N(C4=CC=C(OC)C=C4)C5=CC=CC=C5OC)C=C3)=C(C6=CC=C(N(C7=CC=C(OC)C=C7)C8=CC=CC=C8OC)C=C6)/C(C=C9)=CC=C9N(C%10=CC=C(OC)C=C%10)C%11=C(OC)C=CC=C%11)C=C2)C%12=C(OC)C=CC=C%12,-5.17,-2.48,20.5,0.98,0.45,9.12,20.04,0.97,0.39,7.66,10.1039/C6RA07603C
N(C1=CC=CC=C1)(C2=CC=CC=C2)C3=CC(C4=CC=C(C5=CC=C(C6=CC=C(N(C7=CC=CC=C7)C8=CC=CC=C8)C=C6)S5)S4)=CC=C3,-5.21,-2.61,17.88,1.01,0.67,12.08,20.9,1.07,0.77,17.04,10.1039/C6SC01478J
N(C1=CC=CC=C1)(C2=CC=CC=C2)C3=CC(C4=CC5=C(S4)C=C(C6=CC=C(N(C7=CC=CC=C7)C8=CC=CC=C8)C=C6)S5)=CC=C3,-5.2,-2.49,18.15,0.92,0.64,11.11,20.9,1.07,0.77,17.04,10.1039/C6SC01478J
N(C1=CC=C(C2=CC(SC(/C=C/C3=CC4=C(S3)C=C(C5=CC=C(N(C6=CC=CC=C6)C7=CC=CC=C7)C=C5)S4)=C8)=C8S2)C=C1)(C9=CC=CC=C9)C%10=CC=CC=C%10,-5.27,-2.85,20.44,1.06,0.76,16.6,20.9,1.07,0.77,17.04,10.1039/C6SC01478J
CCN1C2=C(C=C(N(CC)C3=C4C=C(/C=C(C5=CC=C(OC)C=C5)/C6=CC=C(OC)C=C6)C=C3)C4=C2)C7=C1C=C(/C=C(C8=CC=C(OC)C=C8)/C9=CC=C(OC)C=C9)C=C7,-,-,20.53,1.08,0.75,17.03,20.81,1.08,0.75,17.03,10.1039/C6NR01275B
COC(C=C1)=CC=C1/C(C2=CC=C(OC)C=C2)=C/C3=CC4=C(C5=C6C(C7=CC(/C=C(C8=CC=C(OC)C=C8)/C9=CC=C(OC)C=C9)=CC=C7N6CC)=C(N%10CC)C(C%11=C%10C(/C=C(C%12=CC=C(OC)C=C%12)/C%13=CC=C(OC)C=C%13)=CC=C%11)=C5N4CC)C=C3,-,-,19.09,1.01,0.7,15.24,20.81,1.08,0.75,17.03,10.1039/C6NR01275B
COC1=CC=C(N(C2=CC=C(OC)C=C2)C3=CC=C(C4=CC=C(C5=CC=C(N(C6=CC=C(OC)C=C6)C7=CC=C(OC)C=C7)C=C5)C=C4)C=C3)C=C1,-5.28,-2.3,20.4,1.03,0.73,15.5,20.7,1.03,0.75,15.9,10.1039/C6SC00876C
COC1=CC=C(N(C2=CC=C(OC)C=C2)C3=CC=C(C4=C5C=C(C6=CC=C(N(C7=CC=C(OC)C=C7)C8=CC=C(OC)C=C8)C=C6)C(CCC(C=CC(CC5)=C9)=C9C%10=CC=C(N(C%11=CC=C(OC)C=C%11)C%12=CC=C(OC)C=C%12)C=C%10)=C4)C=C3)C=C1,-5.29,-2.34,20.5,1.03,0.74,16.4,20.7,1.03,0.75,15.9,10.1039/C6SC00876C
COC1=CC=C(N(C2=CC=C(OC)C=C2)C3=CC=C(C4=C(C=C(C5=CC=C(N(C6=CC=C(OC)C=C6)C7=CC=C(OC)C=C7)C=C5)C8=C4)CCC9=CC(C%10=CC=C(N(C%11=CC=C(OC)C=C%11)C%12=CC=C(OC)C=C%12)C=C%10)=C(CC8)C=C9C%13=CC=C(N(C%14=CC=C(OC)C=C%14)C%15=CC=C(OC)C=C%15)C=C%13)C=C3)C=C1,-5.28,-2.32,22,1.05,0.78,18,20.7,1.03,0.75,15.9,10.1039/C6SC00876C
COC1=CC=C(N(C2=CC=C(OC)C=C2)C3=CC=C(C4=CC=C(C5=CC=C(N(C6=CC=C(C(S7)=CC=C7C8=CC=C(N(C9=CC=C(OC)C=C9)C%10=CC=C(OC)C=C%10)C=C8)C=C6)C%11=CC=CC(C(S%12)=CC=C%12C%13=CC=C(N(C%14=CC=C(OC)C=C%14)C%15=CC=C(OC)C=C%15)C=C%13)=C%11)C=C5)S4)C=C3)C=C1,-4.96,-2.31,19.6,1.1,0.89,6.28,17.64,1.04,0.49,9,10.1039/C6RA12574C
COC1=CC=C(N(C(C=C2)=CC3=C2C4=C(C3(CCC)CCC)C5=C(C(CCC)(CCC)C6=C5C=CC(N(C7=CC=C(OC)C=C7)C8=CC=C(OC)C=C8)=C6)C9=C4C(CCC)(CCC)C%10=C9C=CC(N(C%11=CC=C(OC)C=C%11)C%12=CC=C(OC)C=C%12)=C%10)C%13=CC=C(OC)C=C%13)C=C1,-5.15,-1.99,8.03,0.88,0.45,3.18,16.56,0.87,0.48,6.4,10.1016/j.dyepig.2015.11.004
COC1=CC=C(N(C2=CC=C(/C=C/C3=CC=C(N(C4=CC=C(C5=CC=C(N(C6=CC=C(/C=C/C7=CC=C(N(C8=CC=C(OC)C=C8)C9=CC=C(OC)C=C9)C=C7)C=C6)C%10=CC=C(/C=C/C%11=CC=C(N(C%12=CC=C(OC)C=C%12)C%13=CC=C(OC)C=C%13)C=C%11)C=C%10)C=C5)C=C4)C%14=CC=C(/C=C/C%15=CC=C(N(C%16=CC=C(OC)C=C%16)C%17=CC=C(OC)C=C%17)C=C%15)C=C%14)C=C3)C=C2)C%18=CC=C(OC)C=C%18)C=C1,-5.28,-2.51,17.37,0.93,0.69,11.06,15.41,0.9,0.7,9.61,10.1002/ente.201600303
COC1=CC=C(N(C2=CC=C(/C=C/C3=CC=C(N(C4=CC=C(C5=CC=C(N(C6=CC=C(/C=C/C7=CC=C(N(C8=CC=C(OC)C=C8)C9=CC=C(OC)C=C9)C=C7)C=C6)C%10=CC=C(C)C=C%10)C=C5)C=C4)C%11=CC=C(C)C=C%11)C=C3)C=C2)C%12=CC=C(OC)C=C%12)C=C1,-5.25,-2.54,15.49,0.9,0.73,10.1,15.41,0.9,0.7,9.61,10.1002/ente.201600303
COC(C=C1)=CC=C1N(C2=CC=C(OC)C=C2)C3=CC=C(C(C=CC(N(C4=CC=C(OC)C=C4)C5=CC=C(OC)C=C5)=C6)=C6N7C(C=C8)=CC=C8/C(C9=CC=C(N%10C%11=C(C=CC(N(C%12=CC=C(OC)C=C%12)C%13=CC=C(OC)C=C%13)=C%11)C%14=CC=C(N(C%15=CC=C(OC)C=C%15)C%16=CC=C(OC)C=C%16)C=C%14%10)C=C9)=C(C%17=CC=CC=C%17)\C%18=CC=CC=C%18)C7=C3,-5.19,-2.22,21.55,1.01,0.69,14.92,20.58,1.03,0.71,15.01,10.1002/chem.201605187
COC(C=C1)=CC=C1N(C2=CC=C(C(C=CC(N(C3=CC=C(OC)C=C3)C4=CC=C(OC)C=C4)=C5)=C5N6C(C=C7)=CC=C7/C(C8=CC=C(N9C%10=C(C=CC(N(C%11=CC=C(OC)C=C%11)C%12=CC=C(OC)C=C%12)=C%10)C%13=CC=C(N(C%14=CC=C(OC)C=C%14)C%15=CC=C(OC)C=C%15)C=C%139)C=C8)=C(C%16=CC=C(N%17C%18=C(C=CC(C%19=CC(OC)=CC=C%19CC%20=CC=C(OC)C=C%20)=C%18)C%21=CC=C(N(C%22=CC=C(OC)C=C%22)C%23=CC=C(OC)C=C%23)C=C%21%17)C=C%16)\C%24=CC=C(N%25C%26=C(C=CC(N(C%27=CC=C(OC)C=C%27)C%28=CC=C(OC)C=C%28)=C%26)C%29=CC=C(N(C%30=CC=C(OC)C=C%30)C%31=CC=C(OC)C=C%31)C=C%29%25)C=C%24)C6=C2)C%32=CC=C(OC)C=C%32,-5.2,-2.25,22.23,1.02,0.74,16.74,20.58,1.03,0.71,15.01,10.1002/chem.201605188
COC(C=C1)=CC=C1N(C2=CC=C3C(C(C=C(N(C4=CC=C(OC)C=C4)C5=CC=C(OC)C=C5)C=C6)=C6N3C(C=C7)=CC=C7/C(C8=CC=C(N9C%10=C(C=C(N(C%11=CC=C(OC)C=C%11)C%12=CC=C(OC)C=C%12)C=C%10)C%13=CC(N(C%14=CC=C(OC)C=C%14)C%15=CC=C(OC)C=C%15)=CC=C%139)C=C8)=C(C%16=CC=C(N%17C%18=C(C=C(N(C%19=CC=C(OC)C=C%19)C%20=CC=C(OC)C=C%20)C=C%18)C%21=CC(N(C%22=CC=C(OC)C=C%22)C%23=CC=C(OC)C=C%23)=CC=C%21%17)C=C%16)\C%24=CC=C(N%25C%26=C(C=C(N(C%27=CC=C(OC)C=C%27)C%28=CC=C(OC)C=C%28)C=C%26)C%29=CC(N(C%30=CC=C(OC)C=C%30)C%31=CC=C(OC)C=C%31)=CC=C%29%25)C=C%24)=C2)C%32=CC=C(OC)C=C%32,-5.21,-2.41,19.76,0.98,0.69,13.3,20.58,1.03,0.71,15.01,10.1002/chem.201605189
COC(C=C1)=CC=C1N(C2=CC=C(C(C=CC(N(C3=CC=C(OC)C=C3)C4=CC=C(OC)C=C4)=C5)=C5/C6=C7C8=C(C=CC(N(C9=CC=C(OC)C=C9)C%10=CC=C(OC)C=C%10)=C8)C%11=CC=C(N(C%12=CC=C(OC)C=C%12)C%13=CC=C(OC)C=C%13)C=C%11/7)C6=C2)C%14=CC=C(OC)C=C%14,-5.2,-,19.68,1.1,0.68,14.75,16.68,1.06,0.66,11.7,10.1016/j.nanoen.2016.11.022
COC(C=C1)=CC=C1N(C2=CC(N(C3=CC=C(OC)C=C3)C4=CC=C(OC)C=C4)=CC(C5=CC(N(C6=CC=C(OC)C=C6)C7=CC=C(OC)C=C7)=CC(N(C8=CC=C(OC)C=C8)C9=CC=C(OC)C=C9)=C5)=C2)C%10=CC=C(OC)C=C%10,-5.37,-2.27,19.5,1.01,0.69,13.6,21.4,1.08,0.77,17.8,10.1039/C6RA20614J
COC(C=C1)=CC=C1N(C2=CC(N(C3=CC=C(OC)C=C3)C4=CC=C(OC)C=C4)=CC5=C2N(CCCC)C6=C(N(C7=CC=C(OC)C=C7)C8=CC=C(OC)C=C8)C=C(N(C9=CC=C(OC)C=C9)C%10=CC=C(OC)C=C%10)C=C65)C%11=CC=C(OC)C=C%11,-5.15,-2.28,16,0.97,0.74,11.5,21.4,1.08,0.77,17.8,10.1039/C6RA20614J
COC1=CC=C(C2=CC=C(C(C3=CC=C(C4=CC=C(OC)C=C4)C=C3)(C5=CC=C(C6=CC=C(OC)C=C6)C=C5)C7=CC=C(C8=CC=C(OC)C=C8)C=C7)C=C2)C=C1,-5.36,-1.33,12.82,0.87,0.42,4.62,21.43,1.07,0.76,17.42,10.1002/cssc.201601683
COC1=CC=C(N(C2=CC=C(C(C3=CC=C(N(C4=CC=C(OC)C=C4)C5=CC=C(OC)C=C5)C=C3)(C6=CC=C(N(C7=CC=C(OC)C=C7)C8=CC=C(OC)C=C8)C=C6)C9=CC=C(N(C%10=CC=C(OC)C=C%10)C%11=CC=C(OC)C=C%11)C=C9)C=C2)C%12=CC=C(OC)C=C%12)C=C1,-5.32,-1.96,15.81,0.92,0.64,9.33,21.43,1.07,0.76,17.42,10.1002/cssc.201601683
COC1=CC=C(N(C2=CC=C(C3=CC=C(C(C4=CC=C(C5=CC=C(N(C6=CC=C(OC)C=C6)C7=CC=C(OC)C=C7)C=C5)C=C4)(C8=CC=C(C9=CC=C(N(C%10=CC=C(OC)C=C%10)C%11=CC=C(OC)C=C%11)C=C9)C=C8)C%12=CC=C(C%13=CC=C(N(C%14=CC=C(OC)C=C%14)C%15=CC=C(OC)C=C%15)C=C%13)C=C%12)C=C3)C=C2)C%16=CC=C(OC)C=C%16)C=C1,-5.29,-2.16,20.97,1.06,0.75,16.76,21.43,1.07,0.76,17.42,10.1002/cssc.201601683
COC1=CC=C(N(C2=CC=C(C3=CC4=C(S3)C5=C(C=C(C(SC(C6=CC=C(N(C7=CC=C(OC)C=C7)C8=CC=C(OC)C=C8)C=C6)=C9)=C9C%10=C%11SC(C%12=CC=C(N(C%13=CC=C(OC)C=C%13)C%14=CC=C(OC)C=C%14)C=C%12)=C%10)C%11=C5)C%15=C4C=C(C%16=CC=C(N(C%17=CC=C(OC)C=C%17)C%18=CC=C(OC)C=C%18)C=C%16)S%15)C=C2)C%19=CC=C(OC)C=C%19)C=C1,-5.32,-2.82,21.75,1.07,0.78,18.13,21.33,1.12,0.74,17.8,10.1002/aenm.201601674
CCCCOC1=CC=C(N(C2=CC=C(C(S3)=CC4=C3C(C=C(C(SC(C5=CC=C(N(C6=CC=C(OCCCC)C=C6)C7=CC=C(OCCCC)C=C7)C=C5)=C8)=C8C9=C%10SC(C%11=CC=C(N(C%12=CC=C(OCCCC)C=C%12)C%13=CC=C(OCCCC)C=C%13)C=C%11)=C9)C%10=C%14)=C%14C%15=C4C=C(C%16=CC=C(N(C%17=CC=C(OCCCC)C=C%17)C%18=CC=C(OCCCC)C=C%18)C=C%16)S%15)C=C2)C%19=CC=C(OCCCC)C=C%19)C=C1,-5.32,-2.83,20.94,1.05,0.78,17.28,21.33,1.12,0.74,17.8,10.1002/aenm.201601674
CCCCCCOC1=CC=C(N(C2=CC=C(C3=CC4=C(S3)C5=C(C=C(C(SC(C6=CC=C(N(C7=CC=C(OCCCCCC)C=C7)C8=CC=C(OCCCCCC)C=C8)C=C6)=C9)=C9C%10=C%11SC(C%12=CC=C(N(C%13=CC=C(OCCCCCC)C=C%13)C%14=CC=C(OCCCCCC)C=C%14)C=C%12)=C%10)C%11=C5)C%15=C4C=C(C%16=CC=C(N(C%17=CC=C(OCCCCCC)C=C%17)C%18=CC=C(OCCCCCC)C=C%18)C=C%16)S%15)C=C2)C%19=CC=C(OCCCCCC)C=C%19)C=C1,-5.31,-2.82,19.6,1.03,0.78,15.66,21.33,1.12,0.74,17.8,10.1002/aenm.201601674
CCCCCCCCCCOC1=CC=C(N(C2=CC=C(C(S3)=CC4=C3C(C=C(C(SC(C5=CC=C(N(C6=CC=C(OCCCCCCCCCC)C=C6)C7=CC=C(OCCCCCCCCCC)C=C7)C=C5)=C8)=C8C9=C%10SC(C%11=CC=C(N(C%12=CC=C(OCCCCCCCCCC)C=C%12)C%13=CC=C(OCCCCCCCCCC)C=C%13)C=C%11)=C9)C%10=C%14)=C%14C%15=C4C=C(C%16=CC=C(N(C%17=CC=C(OCCCCCCCCCC)C=C%17)C%18=CC=C(OCCCCCCCCCC)C=C%18)C=C%16)S%15)C=C2)C%19=CC=C(OCCCCCCCCCC)C=C%19)C=C1,-5.32,-2.82,14.92,1.03,0.63,9.67,21.33,1.12,0.74,17.8,10.1002/aenm.201601674
CCCCCCN1C2=C(SC(C3=CC=C(N(C4=CC=C(OC)C=C4)C5=CC=C(OC)C=C5)C=C3)=C2)C(C1=C6)=CC=C6C7=CC=C(N(C8=CC=C(OC)C=C8)C9=CC=C(OC)C=C9)C=C7,-5.12,-2.33,22.55,1.07,0.7,15.32,23.15,1.09,0.73,18.42,10.1039/C8CC08283A
CCCCCCN1C2=C(SC(C3=CC=C(N(C4=CC=C(OC)C=C4)C5=CC=C(OC)C=C5)C=C3)=C2)C6=CC=C(N(C7=CC=C(OC)C=C7)C8=CC=C(OC)C=C8)C=C61,-5.14,-2.34,21.18,0.95,0.68,12.64,23.15,1.09,0.73,18.42,10.1039/C8CC08283A
COC1=CC=C(N(C2=CC=C(C3=CC=C(C(SC(C4=CC=C(N(C5=CC=C(OC)C=C5)C6=CC=C(OC)C=C6)C=C4)=C7)=C7N8C9=CC=C(OC)C=C9)C8=C3)C=C2)C%10=CC=C(OC)C=C%10)C=C1,-4.89,-2.14,22.71,1.11,0.72,16.27,23.15,1.09,0.73,18.42,10.1039/C8CC08283A
COC1=CC=C(N(C2=CC=C(C(SC(C3=CC=C(N(C4=CC=C(OC)C=C4)C5=CC=C(OC)C=C5)C=C3)=C6)=C6N7C8=CC=C(OC)C=C8)C7=C2)C9=CC=C(OC)C=C9)C=C1,-4.93,-2.17,21.55,1.03,0.69,13.95,23.15,1.09,0.73,18.42,10.1039/C8CC08283A
O=C1C(C2C(C(S3)=CC=C3C4=CC(C=CC=C5)=C5N4C6=CC=CC=C6)N1CCCCCCCC)C(C(S7)=CC=C7C8=CC(C=CC=C9)=C9N8C%10=CC=CC=C%10)N(CCCCCCCC)C2=O,-4.9,-3.2,15.08,0.96,0.7,10.14,14.99,0.86,0.61,7.87,10.1016/j.orgel.2016.06.019
O=C1C(C2C(C(S3)=CC=C3C4=CC(C=CC=C5)=C5N4C6=CC=CC=C6)N1C(CC)CCCCC)C(C(S7)=CC=C7C8=CC(C=CC=C9)=C9N8C%10=CC=CC=C%10)N(CC(CC)CCCC)C2=O,-4.9,-3.2,15.18,0.86,0.41,5.4,14.99,0.86,0.61,7.87,10.1016/j.orgel.2016.06.019
CCCCCCOC1=CC=C(C2=C(C3=CC=C(OCCCCCC)C=C3)N=C(C4=CC=C(C([N]5)=NC(C6=CC=C(OCCCCCC)C=C6)=C5C7=CC=C(OCCCCCC)C=C7)C=C4)[N]2)C=C1,-5.31,-2.33,12.19,0.55,0.32,2.12,19.79,0.95,0.67,12.58,10.1002/cssc.201600923
CCCCCCOC1=CC=C(C(C(C2=CC=C(OCCCCCC)C=C2)=N/3)=NC3=C4C=C/C(C=C\4)=C5N=C(C6=CC=C(OCCCCCC)C=C6)C(C7=CC=C(OCCCCCC)C=C7)=N/5)C=C1,-5.43,-3.95,15.86,0.91,0.54,7.79,19.79,0.95,0.67,12.58,10.1002/cssc.201600923
CCCCCCCCCCCCOC1=CC=C(C(C(C2=CC=C(OCCCCCCCCCCCC)C=C2)=N/3)=NC3=C4C=C/C(C=C/4)=C5N=C(C6=CC=C(OCCCCCCCCCCCC)C=C6)C(C7=CC=C(OCCCCCCCCCCCC)C=C7)=N/5)C=C1,-5.43,-3.95,19.84,0.95,0.65,12.22,19.79,0.95,0.67,12.58,10.1002/cssc.201600923
CCCCCC[Si]1(CCCCCC)C2=C(C=CC(C3=CC=C(N(C4=CC=C(OC)C=C4)C5=CC=C(OC)C=C5)C=C3)=C2)C6=CC=C(C7=CC=C(N(C8=CC=C(OC)C=C8)C9=CC=C(OC)C=C9)C=C7)C=C61,-5.33,-2.46,18.9,0.92,0.65,11,19.7,0.98,0.64,12.3,10.1039/C6TA01776B
COC1=CC=C(N(C2=CC=C(C3=CC=C(C(C=CC(C4=CC=C(N(C5=CC=C(OC)C=C5)C6=CC=C(OC)C=C6)C=C4)=C7)=C7N8C9=CC=C(OC)C=C9)C8=C3)C=C2)C%10=CC=C(OC)C=C%10)C=C1,-5.16,-1.96,22.5,1.1,0.7,17.4,-,-,-,-,10.1021/acsnano.6b02442
COC(C=C1)=CC=C1/C(C2=CC=C(OC)C=C2)=C\N(/C=C(C3=CC=C(OC)C=C3)/C4=CC=C(OC)C=C4)C5=CC6=C(C=C5)N(CC)C7=C6C=CC=C7,-5.13,-,22.5,1.07,0.74,17.8,22.7,1.09,0.75,18.6,10.1016/j.nanoen.2017.01.015
CC(C)(C)C1=NN(C(C2=C3C=CC=C2)=C1)C3(C4=CC(N(C5=CC=C(OC)C=C5)C6=CC=C(OC)C=C6)=CC=C4O7)C8=C7C=CC(N(C9=CC=C(OC)C=C9)C%10=CC=C(OC)C=C%10)=C8,-5.24,-2.16,13.61,0.94,0.71,9.13,20.4,1.06,0.75,16.15,10.1002/aenm.201700823
CC(C)(C)C1=NN(C(C2=C3C=CC=C2)=C1)C3(C4=CC(N(C5=CC=C(OC)C=C5)C6=CC=C(OC)C=C6)=CC=C4S7)C8=C7C=CC(N(C9=CC=C(OC)C=C9)C%10=CC=C(OC)C=C%10)=C8,-5.23,-2.13,15.82,1.02,0.73,11.7,20.4,1.06,0.75,16.15,10.1002/aenm.201700823
CC(C)(C)C1=NN(C(C2=C3C=CC=C2)=C1)C3(C4=CC(N(C5=CC=C(OC)C=C5)C6=CC=C(OC)C=C6)=CC=C4N7C8=CC=C(OC)C=C8)C9=C7C=CC(N(C%10=CC=C(OC)C=C%10)C%11=CC=C(OC)C=C%11)=C9,-4.96,-2.04,3.25,0.46,0.32,0.48,20.4,1.06,0.75,16.15,10.1002/aenm.201700823
COC1=CC=C(N(C2=CC=C(OC)C=C2)C3=CC=C(C4=CC(C5=CC=C(N(C6=CC=C(OC)C=C6)C7=CC=C(OC)C=C7)C=C5)=CC8=C4N(CCCCCCCC)C9=C(C%10=CC=C(N(C%11=CC=C(OC)C=C%11)C%12=CC=C(OC)C=C%12)C=C%10)C=C(C%13=CC=C(N(C%14=CC=C(OC)C=C%14)C%15=CC=C(OC)C=C%15)C=C%13)C=C98)C=C3)C=C1,-5.11,-2.01,21.66,1.04,0.81,18.32,21.66,1.04,0.81,18.28,10.1016/j.nanoen.2017.08.016
COC(C=C(OC)C=C1)=C1C2=CC=C(N(C3=CC=C(C4=CC=C(OC)C=C4OC)C=C3)C5=CC=C(C6=CC=C(N(C7=CC=C(C8=CC=C(OC)C=C8OC)C=C7)C9=CC=C(C%10=C(OC)C=C(OC)C=C%10)C=C9)C=C6)C=C5)C=C2,-5.48,-2.36,20.89,1.08,0.71,16.14,22.23,1.1,0.77,18.77,10.1039/C7TA02556D
COC(C=C(OC)C=C1)=C1C2=CC=C(N(C3=CC=C(C4=CC=C(OC)C=C4OC)C=C3)C5=CC=C(C6=C7C=C(N(C8=CC=C(C9=CC=C(OC)C=C9OC)C=C8)C%10=CC=C(C%11=C(OC)C=C(OC)C=C%11)C=C%10)C=C6)C(N7CCCCCC)=C5)C=C2,-5.27,-2.21,21.06,1.09,0.79,18.34,22.23,1.1,0.77,18.77,10.1039/C7TA02556D
COC1=CC=C(N(C2=CC(C3=CC(N(C4=CC=C(OC)C=C4)C5=CC=C(OC)C=C5)=CC=C3N6C7=CN=C(C(C=C8)=NC=C8N9C%10=C(C%11=CC(N(C%12=CC=C(OC)C=C%12)C%13=CC=C(OC)C=C%13)=CC=C%119)C=C(N(C%14=CC=C(OC)C=C%14)C%15=CC=C(OC)C=C%15)C=C%10)C=C7)=C6C=C2)C%16=CC=C(OC)C=C%16)C=C1,-5.27,-2.58,21.26,1.05,0.79,17.71,19.12,0.91,0.26,4.48,10.1002/cssc.201700973
COC1=CC=C(N(C2=CC(C3=CC(N(C4=CC=C(OC)C=C4)C5=CC=C(OC)C=C5)=CC=C3N6C7=NC=C(C(C=C8)=CN=C8N9C%10=C(C%11=CC(N(C%12=CC=C(OC)C=C%12)C%13=CC=C(OC)C=C%13)=CC=C%119)C=C(N(C%14=CC=C(OC)C=C%14)C%15=CC=C(OC)C=C%15)C=C%10)C=C7)=C6C=C2)C%16=CC=C(OC)C=C%16)C=C1,-5.32,-2.54,21.26,1.11,0.79,18.48,19.12,0.91,0.26,4.48,10.1002/cssc.201700973
COC1=CC=C(N(C2=CC(C3=CC(N(C4=CC=C(OC)C=C4)C5=CC=C(OC)C=C5)=CC=C3N6C7=CC=C(C(C=C8)=CC=C8N9C%10=C(C%11=CC(N(C%12=CC=C(OC)C=C%12)C%13=CC=C(OC)C=C%13)=CC=C%119)C=C(N(C%14=CC=C(OC)C=C%14)C%15=CC=C(OC)C=C%15)C=C%10)C=C7)=C6C=C2)C%16=CC=C(OC)C=C%16)C=C1,-5.23,-2.3,21.01,0.99,0.68,13.2,19.12,0.91,0.26,4.48,10.1002/cssc.201700973
COC1=CC=C(N(C2=CC(C3=CC(N(C4=CC=C(OC)C=C4)C5=CC=C(OC)C=C5)=CC=C3N6C7=CC=C(C8=CC=C(C(C=C9)=CC=C9N%10C%11=C(C%12=CC(N(C%13=CC=C(OC)C=C%13)C%14=CC=C(OC)C=C%14)=CC=C%12%10)C=C(N(C%15=CC=C(OC)C=C%15)C%16=CC=C(OC)C=C%16)C=C%11)C%17=NSN=C%178)C=C7)=C6C=C2)C%18=CC=C(OC)C=C%18)C=C1,-5.21,-2.93,21.06,1.06,0.76,16.87,20.64,1.05,0.75,16.24,10.1039/C7CC04606E
COC1=CC=C(N(C2=CC(C3=CC(N(C4=CC=C(OC)C=C4)C5=CC=C(OC)C=C5)=CC=C3N6C7=CC=C(C8=C(F)C=C(C(C=C9)=CC=C9N%10C%11=C(C%12=CC(N(C%13=CC=C(OC)C=C%13)C%14=CC=C(OC)C=C%14)=CC=C%12%10)C=C(N(C%15=CC=C(OC)C=C%15)C%16=CC=C(OC)C=C%16)C=C%11)C%17=NSN=C%178)C=C7)=C6C=C2)C%18=CC=C(OC)C=C%18)C=C1,-5.21,-2.87,21.39,1.07,0.81,18.54,20.64,1.05,0.75,16.24,10.1039/C7CC04606E
COC1=CC=C(N(C2=CC(C3=CC(N(C4=CC=C(OC)C=C4)C5=CC=C(OC)C=C5)=CC=C3N6C7=CC=C(C8=C(F)C(F)=C(C(C=C9)=CC=C9N%10C%11=C(C%12=CC(N(C%13=CC=C(OC)C=C%13)C%14=CC=C(OC)C=C%14)=CC=C%12%10)C=C(N(C%15=CC=C(OC)C=C%15)C%16=CC=C(OC)C=C%16)C=C%11)C%17=NSN=C%178)C=C7)=C6C=C2)C%18=CC=C(OC)C=C%18)C=C1,-5.23,-2.92,20.58,1.05,0.73,15.71,20.64,1.05,0.75,16.24,10.1039/C7CC04606E
COC1=CC=C(N(C2=CC(C3=CC(N(C4=CC=C(OC)C=C4)C5=CC=C(OC)C=C5)=CC=C3N6C7=CC(N8C9=C(C%10=CC(N(C%11=CC=C(OC)C=C%11)C%12=CC=C(OC)C=C%12)=CC=C%108)C=C(N(C%13=CC=C(OC)C=C%13)C%14=CC=C(OC)C=C%14)C=C9)=CC(N%15C%16=C(C%17=CC(N(C%18=CC=C(OC)C=C%18)C%19=CC=C(OC)C=C%19)=CC=C%17%15)C=C(N(C%20=CC=C(OC)C=C%20)C%21=CC=C(OC)C=C%21)C=C%16)=C7)=C6C=C2)C%22=CC=C(OC)C=C%22)C=C1,-5.26,-2.34,22.93,1.05,0.79,18.87,22.01,1.05,0.77,17.71,10.1039/C7TA04762B
COC1=CC=C(N(C2=CC(C3=CC(N(C4=CC=C(OC)C=C4)C5=CC=C(OCCCCCC)C=C5)=CC=C3N6C7=CC(N8C9=C(C%10=CC(N(C%11=CC=C(OC)C=C%11)C%12=CC=C(OCCCCCC)C=C%12)=CC=C%108)C=C(N(C%13=CC=C(OC)C=C%13)C%14=CC=C(OCCCCCC)C=C%14)C=C9)=CC(N%15C%16=C(C%17=CC(N(C%18=CC=C(OCCCCCC)C=C%18)C%19=CC=C(OC)C=C%19)=CC=C%17%15)C=C(N(C%20=CC=C(OCCCCCC)C=C%20)C%21=CC=C(OC)C=C%21)C=C%16)=C7)=C6C=C2)C%22=CC=C(OCCCCCC)C=C%22)C=C1,-5.26,-2.34,20.57,1.05,0.75,16.2,22.01,1.05,0.77,17.71,10.1039/C7TA04762B
COC1=CC=C(N(C2=CC=C(OCCCCCC)C=C2)C3=CC(C4=CC(N(C5=CC=C(OCCCCCC)C=C5)C6=CC=C(OC)C=C6)=CC=C4N7C(C=C8)=CC=C8C9=CC(C%10=CC=C(N%11C%12=C(C%13=CC(N(C%14=CC=C(OCCCCCC)C=C%14)C%15=CC=C(OC)C=C%15)=CC=C%13%11)C=C(N(C%16=CC=C(OCCCCCC)C=C%16)C%17=CC=C(OC)C=C%17)C=C%12)C=C%10)=CC(C%18=CC=C(N%19C%20=C(C%21=CC(N(C%22=CC=C(OCCCCCC)C=C%22)C%23=CC=C(OC)C=C%23)=CC=C%21%19)C=C(N(C%24=CC=C(OCCCCCC)C=C%24)C%25=CC=C(OC)C=C%25)C=C%20)C=C%18)=C9)=C7C=C3)C=C1,-5.24,-2.33,21.19,1.03,0.75,16.5,22.01,1.05,0.77,17.71,10.1039/C7TA04762B
COC1=CC=C(N(C2=CC=C(C3=C(N4C5=CC(N6C7=C(C8=CC=C(N(C9=CC=C(OC)C=C9)C%10=CC=C(OC)C=C%10)C=C86)C=CC(N(C%11=CC=C(OC)C=C%11)C%12=CC=C(OC)C=C%12)=C7)=CC(N%13C%14=C(C%15=CC=C(N(C%16=CC=C(OC)C=C%16)C%17=CC=C(OC)C=C%17)C=C%15%13)C=CC(N(C%18=CC=C(OC)C=C%18)C%19=CC=C(OC)C=C%19)=C%14)=C5)C=C(N(C%20=CC=C(OC)C=C%20)C%21=CC=C(OC)C=C%21)C=C3)C4=C2)C%22=CC=C(OC)C=C%22)C=C1,-5.25,-2.22,22.32,1.06,0.76,18,22.01,1.05,0.77,17.71,10.1039/C7TA04762B
N(C1=CC=C(/C2=C3C(C=C(N(C4=CC=CC=C4)C5=CC=CC=C5)C=C6)=C6OC7=C\3C=C(N(C8=CC=CC=C8)C9=CC=CC=C9)C=C7)C(C%10=C2C=CC(N(C%11=CC=CC=C%11)C%12=CC=CC=C%12)=C%10)=C1)(C%13=CC=CC=C%13)C%14=CC=CC=C%14,-5.03,-3.35,21.5,1.04,0.71,15.82,22.44,1.1,0.78,19.27,10.1002/cssc.201700974
N(C1=CC=C(/C2=C3C(C=C(N(C4=CC=CC=C4)C5=CC=CC=C5)C=C6)=C6SC7=C\3C=C(N(C8=CC=CC=C8)C9=CC=CC=C9)C=C7)C(C%10=C2C=CC(N(C%11=CC=CC=C%11)C%12=CC=CC=C%12)=C%10)=C1)(C%13=CC=CC=C%13)C%14=CC=CC=C%14,-5.06,-3.09,23.15,1.09,0.76,19.26,22.44,1.1,0.78,19.27,10.1002/cssc.201700974
O=[s](C1=C(C=C(N(C2=CC=CC=C2)C3=CC=CC=C3)C=C1)/C4=C5C6=CC=C(N(C7=CC=CC=C7)C8=CC=CC=C8)C=C6C9=C\5C=CC(N(C%10=CC=CC=C%10)C%11=CC=CC=C%11)=C9)(C%12=C4C=C(N(C%13=CC=CC=C%13)C%14=CC=CC=C%14)C=C%12)=O,-5.08,-3.24,20.3,1.08,0.54,11.79,22.44,1.1,0.78,19.27,10.1002/cssc.201700974
COC1=CC=C(N(C2=CC=C(OC)C=C2)C3=CC=C(C4=C(C56C(C=CC(OCC7=CC=CC=C7)=C8)=C8OC9=C6C=CC(OCC%10=CC=CC=C%10)=C9)C=C(N(C%11=CC=C(OC)C=C%11)C%12=CC=C(OC)C=C%12)C=C4)C5=C3)C=C1,-5.15,-2.11,13.4,0.78,0.51,5.4,12.4,0.82,0.54,5.5,10.1002/aenm.201700683
COC1=CC=C(N(C2=CC=C(OC)C=C2)C3=CC=C(C4=C(C56C(C=CC(OCC7=NC=CC=C7)=C8)=C8OC9=C6C=CC(OCC%10=CC=CC=N%10)=C9)C=C(N(C%11=CC=C(OC)C=C%11)C%12=CC=C(OC)C=C%12)C=C4)C5=C3)C=C1,-5.15,-2.11,19.8,1,0.76,15,12.4,0.82,0.54,5.5,10.1002/aenm.201700683
COC1=CC=C(N(C2=CC=C(OC)C=C2)C3=CC=C(C4=C(C56C(C=CC(OCC7=CN=CC=C7)=C8)=C8OC9=C6C=CC(OCC%10=CC=CN=C%10)=C9)C=C(N(C%11=CC=C(OC)C=C%11)C%12=CC=C(OC)C=C%12)C=C4)C5=C3)C=C1,-5.15,-2.11,20.6,1.05,0.76,16.5,12.4,0.82,0.54,5.5,10.1002/aenm.201700683
COC1=CC=C(N(C2=CC=C(OC)C=C2)C3=CC=C(C4=C(C56C(C=CC(OCC7=CC=NC=C7)=C8)=C8OC9=C6C=CC(OCC%10=CC=NC=C%10)=C9)C=C(N(C%11=CC=C(OC)C=C%11)C%12=CC=C(OC)C=C%12)C=C4)C5=C3)C=C1,-5.15,-2.11,21.2,1.03,0.79,17.2,12.4,0.82,0.54,5.5,10.1002/aenm.201700683
FC1=CC(C(N(CCCCCC)C2=C3C=C(F)C(C4=CC=C(C5=CC=C(CCCCCC)S5)S4)=C2)=C3N6CCCCCC)=C6C=C1C7=CC=C(C8=CC=C(CCCCCC)S8)S7,-5.23,-2.93,23.2,1.06,0.79,17.8,23.1,1.01,0.71,16.8,10.1039/C6SC02832B
COC1=CC=C(N(C2=CC=C(OC)C=C2)C3=CC=C(/C=C/C4=C(OC)C(OC)=C(/C=C/C5=CC=C(N(C6=CC=C(OC)C=C6)C7=CC=C(OC)C=C7)C=C5)S4)C=C3)C=C1,-5.16,-2.77,23.59,1.13,0.75,20.1,23.87,1.13,0.76,20.6,10.1016/j.nanoen.2017.09.035
COC1=CC=C(N(C2=CC=C(OC)C=C2)C3=CC=C(C4=C(OC)C(OC)=C(C5=CC=C(N(C6=CC=C(OC)C=C6)C7=CC=C(OC)C=C7)C=C5)S4)C=C3)C=C1,-5.18,-2.44,23.12,1.15,0.64,16.9,23.87,1.13,0.76,20.6,10.1016/j.nanoen.2017.09.035
COC1=CC=C(N(C2=CC=C(C3=C4C=C(N(C5=CC(C6(C(C=CC=C7)=C7OC8=C6C=CC=C8)C9=C%10C=CC=C9)=C%10C=C5)C%11=CC=C(OC)C=C%11)C=C3)C(C4%12C(C=CC=C%13)=C%13OC%14=C%12C=CC=C%14)=C2)C%15=CC=C(C(C=CC=C%16)=C%16C%17%18C(C=CC=C%19)=C%19OC%20=C%18C=CC=C%20)C%17=C%15)C=C1,-5.23,-2.26,23.4,1.15,0.77,20.8,20.6,1.13,0.76,19.7,10.1016/j.chempr.2017.03.011
COC1=CC=C(N(C2=CC=C(C3=CC=C(N(C4=CC(C5(C(C=CC=C6)=C6OC7=C5C=CC=C7)C8=C9C=CC=C8)=C9C=C4)C%10=CC=C(OC)C=C%10)C=C3)C=C2)C%11=CC=C(C(C=CC=C%12)=C%12C%13%14C(C=CC=C%15)=C%15OC%16=C%14C=CC=C%16)C%13=C%11)C=C1,-5.3,-2.25,21.3,0.95,0.67,13.6,20.6,1.13,0.76,19.7,10.1016/j.chempr.2017.03.011
N(C1=CC=CC=C1)(C2=CC=C(C3=CC=C(N(C4=CC=CC=C4)C5=C6C=CC=C5)C6=C3)C=C2)C7=CC=CC=C7,-5.18,-1.83,19.8,0.92,0.74,13.92,18.57,0.87,0.78,12.6,10.1039/C7TA02440A
COC1=CC=C(N(C2=CC=C(C3=CC=C(N(C4=CC=CC=C4)C5=C6C=CC=C5)C6=C3)C=C2)C7=CC=C(OC)C=C7)C=C1,-4.98,-1.73,21.68,0.99,0.71,15.77,18.57,0.87,0.78,12.6,10.1039/C7TA02440A
COC1=CC=C(N(C2=CC=C(C3=CC=C(N(C4=CC=C(OC)C=C4)C5=C6C=CC=C5)C6=C3)C=C2)C7=CC=C(OC)C=C7)C=C1,-4.96,-1.71,22.11,1,0.78,17.54,18.57,0.87,0.78,12.6,10.1039/C7TA02440A
CCCCCCC(C=C(C1=CC=C(N(C2=CC=C(C(S3)=CC(CCCCCC)=C3C4=CC=C(C5=C(CCCCCC)C=C(/C=C(C#N)/C#N)S5)S4)C=C2)C6=CC=CC(C(S7)=CC(CCCCCC)=C7C8=CC=C(C9=C(CCCCCC)C=C(/C=C(C#N)/C#N)S9)S8)=C6)C=C1)S%10)=C%10C%11=CC=C(C%12=C(CCCCCC)C=C(/C=C(C#N)/C#N)S%12)S%11,-5.38,-3.35,20.85,1.09,0.77,17.5,23.66,1.11,0.7,18.4,10.1002/adma.201606555
CCCCCCC(C=C(C1=CC2=C(N(C3=C4C=C(C(S5)=CC(CCCCCC)=C5C6=CC=C(C7=C(CCCCCC)C=C(/C=C(C#N)/C#N)S7)S6)C=C3C8(C)C)C9=C8C=CC(C(S%10)=CC(CCCCCC)=C%10C%11=CC=C(C%12=C(CCCCCC)C=C(/C=C(C#N)/C#N)S%12)S%11)=C9C2(C)C)C(C4(C)C)=C1)S%13)=C%13C%14=CC=C(C%15=C(CCCCCC)C=C(/C=C(C#N)/C#N)S%15)S%14,-5.3,-3.31,21.71,1.13,0.77,18.9,23.66,1.11,0.7,18.4,10.1002/adma.201606555
CCCCCCN(C1=C2C=C(C3=CC(CCCCCC)=C(/C=C(C#N)/C#N)S3)C=C1)C4=C2C(N(CCCCCC)C5=C6C=C(C7=CC(CCCCCC)=C(/C=C(C#N)/C#N)S7)C=C5)=C6C8=C4C9=CC(C%10=CC(CCCCCC)=C(/C=C(C#N)/C#N)S%10)=CC=C9N8CCCCCC,-5.55,-3.42,16.01,1.05,0.53,8.88,22.25,1.12,0.76,19.01,10.1039/C7TA01718A
CCCCCCN(C1=C2C=C(C(S3)=CC(CCCCCC)=C3C(S4)=CC=C4C5=CC(CCCCCC)=C(/C=C(C#N)/C#N)S5)C=C1)C6=C2C(N(CCCCCC)C7=C8C=C(C(S9)=CC(CCCCCC)=C9C(S%10)=CC=C%10C%11=CC(CCCCCC)=C(/C=C(C#N)/C#N)S%11)C=C7)=C8C%12=C6C%13=CC(C(S%14)=CC(CCCCCC)=C%14C(S%15)=CC=C%15C%16=CC(CCCCCC)=C(/C=C(C#N)/C#N)S%16)=CC=C%13N%12CCCCCC,-5.24,-3.19,21.7,1.13,0.78,19.03,22.25,1.12,0.76,19.01,10.1039/C7TA01718A
CCCCCCN(C1=C2C=C(C(S3)=CC(C4(CCCCCC)CCCCCC)=C3C5=C4C=C(/C=C(C#N)/C#N)S5)C=C1)C6=C2C(N(CCCCCC)C7=C8C=C(C(S9)=CC(C%10(CCCCCC)CCCCCC)=C9C%11=C%10C=C(/C=C(C#N)/C#N)S%11)C=C7)=C8C%12=C6C%13=CC(C(S%14)=CC(C%15(CCCCCC)CCCCCC)=C%14C%16=C%15C=C(/C=C(C#N)/C#N)S%16)=CC=C%13N%12CCCCCC.CC,-5.34,-3.38,19.31,1.11,0.69,14.87,22.25,1.12,0.76,19.01,10.1039/C7TA01718A
COC1=CC=C(N(C2=CC=C(C3=C(CC=C4)C(C5C6=C78)=C4C(OCCCCCCCC)=C6C=C(C9=CC=C(N(C%10=CC=C(OC)C=C%10)C%11=CC=C(OC)C=C%11)C=C9)C8=CC=CC7=C(OCCCCCCCC)C5=C3)C=C2)C%12=CC=C(OC)C=C%12)C=C1,-5.32,-2.76,21.07,1.03,0.8,17.5,21.09,1.04,0.77,16.8,10.1002/aenm.201703007
COC1=CC=C(N(C2=CC=C(OC)C=C2)C3=CC(C4=CC(N(C5=CC=C(OC)C=C5)C6=CC=C(OC)C=C6)=CC=C47)=C(C87C9=CC=C(N(C%10=CC=C(OC)C=C%10)C%11=CC=C(OC)C=C%11)C=C9OC%12C8C=CC(N(C%13=CC=C(OC)C=C%13)C%14=CC=C(OC)C=C%14)=C%12)C=C3)C=C1,-4.92,-1.97,19.57,1.02,0.77,16.77,20.82,1.09,0.78,17.64,10.1039/C6QM00097E
COC1=CC=C(N(C2=CC=C(OC)C=C2)C3=CC=C(C(C=C4)=CC5C4C6(C7=CC(C8=CC=C(N(C9=CC=C(OC)C=C9)C%10=CC=C(OC)C=C%10)C=C8)=CC=C7C%11=C6C=C(C%12=CC=C(N(C%13=CC=C(OC)C=C%13)C%14=CC=C(OC)C=C%14)C=C%12)C=C%11)C%15=CC=C(C%16=CC=C(N(C%17=CC=C(OC)C=C%17)C%18=CC=C(OC)C=C%18)C=C%16)C=C%15O5)C=C3)C=C1,-5.08,-2.27,18.94,1,0.74,14.05,20.82,1.09,0.78,17.64,10.1039/C6QM00097E
COC1=CC=C(N(C2=CC(C34C5=CC(N(C6=CC=C(OC)C=C6)C7=CC=C(OC)C=C7)=CC=C5OC8C3C=C(N(C9=CC=C(OC)C=C9)C%10=CC=C(OC)C=C%10)C=C8)=C(C%11=CC=C(N(C%12=CC=C(OC)C=C%12)C%13=CC=C(OC)C=C%13)C=C%114)C=C2)C%14=CC=C(OC)C=C%14)C=C1,-5.08,-1.97,19.07,0.97,0.76,14.1,20.82,1.09,0.78,17.64,10.1039/C6QM00097E
COC1=CC=C(N(C2=CC=C(OC)C=C2)C3=CC=C(C4=CC5C6(C7=CC(C8=CC=C(N(C9=CC=C(OC)C=C9)C%10=CC=C(OC)C=C%10)C=C8)=CC=C7C%11=C6C=C(C%12=CC=C(N(C%13=CC=C(OC)C=C%13)C%14=CC=C(OC)C=C%14)C=C%12)C=C%11)C%15=CC(C%16=CC=C(N(C%17=CC=C(OC)C=C%17)C%18=CC=C(OC)C=C%18)C=C%16)=CC=C%15OC5C=C4)C=C3)C=C1,-5.08,-2.25,18.02,1.01,0.74,15.45,20.82,1.09,0.78,17.64,10.1039/C6QM00097E
COC1=CC=C(N(C2=CC=C(C3=C4C=C(N(C5=CC=C(OC)C=C5)C6=CC=C(OC)C=C6)C=C3)C(C47N8C(C9=C7C=CC=C9)=CC(CCCC)=N8)=C2)C%10=CC=C(OC)C=C%10)C=C1,-5.16,-2.18,19.48,1.05,0.69,14.19,19.2,1.04,0.74,14.84,10.1038/s41598-017-08187-4
COC1=CC=C(N(C2=CC=C(C3=C4C=C(N(C5=CC=C(OC)C=C5)C6=CC=C(OC)C=C6)C=C3)C(C47N8C(C9=C7C=CC=C9)=CC(C%10=CC=C(OC)C=C%10)=N8)=C2)C%11=CC=C(OC)C=C%11)C=C1,-5.16,-2.18,18.5,1.06,0.7,13.6,19.2,1.04,0.74,14.84,10.1038/s41598-017-08187-4
COC1=CC=C(N(C2=CC=C(C3=C4C=C(N(C5=CC=C(OC)C=C5)C6=CC=C(OC)C=C6)C=C3)C(C47N8C(C9=C7C=CC=C9)=CC(C%10=CC=C(N(C%11=CC=C(OC)C=C%11)C%12=CC=C(OC)C=C%12)C=C%10)=N8)=C2)C%13=CC=C(OC)C=C%13)C=C1,-5.15,-2.17,18.27,1.05,0.67,12.89,19.2,1.04,0.74,14.84,10.1038/s41598-017-08187-4
COC1=CC=C(N(C2=CC=C(C(C=C3)=CC=C3C4=CC=C(N(C5=CC=C(OC)C=C5)C6=CC=C(OC)C=C6)C=C4)C=C2)C7=CC=C(OC)C=C7)C=C1,-5.27,-2.22,16.76,0.93,0.62,9.61,20.78,1.06,0.76,16.76,10.1021/acsami.7b06193
COC1=CC=C(N(C2=CC=C(C3=CC(C4=CC=C(C=C4)N(C5=CC=C(C=C5)OC)C6=CC=C(C=C6)OC)=CC(C7=CC=C(N(C8=CC=C(OC)C=C8)C9=CC=C(OC)C=C9)C=C7)=C3)C=C2)C%10=CC=C(OC)C=C%10)C=C1,-5.29,-2.18,20.04,1.02,0.72,14.88,20.78,1.06,0.76,16.76,10.1021/acsami.7b06193
COC1=CC=C(N(C2=CC=C(C3=C(C4=CC=C(C=C4)N(C5=CC=C(C=C5)OC)C6=CC=C(C=C6)OC)C=C(C7=CC=C(N(C8=CC=C(OC)C=C8)C9=CC=C(OC)C=C9)C=C7)C(C%10=CC=C(N(C%11=CC=C(OC)C=C%11)C%12=CC=C(OC)C=C%12)C=C%10)=C3)C=C2)C%13=CC=C(OC)C=C%13)C=C1,-5.27,-2.15,19.28,0.97,0.73,13.61,20.78,1.06,0.76,16.76,10.1021/acsami.7b06193
COC1=CC=C(N(C2=CC(S3)=C(C=C2)N(C4=CC=C(OC)C=C4)C(C3=C5)=CC=C5N(C6=CC=C(OC)C=C6)C7=CC=C(OC)C=C7)C8=CC=C(OC)C=C8)C=C1,-4.77,-1.74,4.2,0.82,0.61,2.1,21.6,1.15,0.71,17.7,10.1021/acsenergylett.7b00054
COC(C=C1)=CC=C1N(C(C=CC(C2=CC=C(N(C3=CC=C(OC)C=C3)C4=CC=C(OC)C=C4)C=C2)=C5)=C5S6)C(C6=C7)=CC=C7C8=CC=C(N(C9=CC=C(OC)C=C9)C%10=CC=C(OC)C=C%10)C=C8,-5.15,-2.39,21.1,1.11,0.75,17.6,21.6,1.15,0.71,17.7,10.1021/acsenergylett.7b00054
COC1=CC=C(N(C2=CC=C(C3=CC=C(C4=CC=C(N(C5=CC=C(OC)C=C5)C6=CC=C(OC)C=C6)C=C4)S3)C=C2)C7=CC=C(OC)C=C7)C=C1,-5.25,-2.47,11.12,0.79,0.49,4.31,8.65,0.77,0.48,3.19,10.1016/j.dyepig.2016.12.022
COC1=CC=C(N(C2=CC=C(C(S3)=CC4=C3C=C(C5=CC=C(N(C6=CC=C(OC)C=C6)C7=CC=C(OC)C=C7)C=C5)S4)C=C2)C8=CC=C(OC)C=C8)C=C1,-5.26,-2.52,15.37,0.89,0.6,8.23,8.65,0.77,0.48,3.19,10.1016/j.dyepig.2016.12.022
COC1=CC=C(N(C2=CC=C(C3=CC(S4)=C(S3)C5=C4C=C(C6=CC=C(N(C7=CC=C(OC)C=C7)C8=CC=C(OC)C=C8)C=C6)S5)C=C2)C9=CC=C(OC)C=C9)C=C1,-5.27,-2.59,17.13,0.99,0.67,10.02,8.65,0.77,0.48,3.19,10.1016/j.dyepig.2016.12.022
CCCCCCC(S1)=CC=C1C(S2)=CC=C2C(S3)=CC=C3C4=NC(SC(C5=CC=C(C6=CC=C(C7=CC=C(CCCCCC)S7)S6)S5)=N8)=C8S4,-5.41,-3.16,16.1,0.9,0.3,4.37,-,-,-,-,10.1016/j.solmat.2017.07.016
CCCCCCC(S1)=CC=C1C(S2)=CC=C2C(O3)=CC=C3C4=NC(SC(C5=CC=C(C6=CC=C(C7=CC=C(CCCCCC)S7)S6)O5)=N8)=C8S4,-5.38,-3.48,17.28,0.96,0.64,10.6,-,-,-,-,10.1016/j.solmat.2017.07.016
CCCCCCC(S1)=CC=C1C(S2)=CC=C2C(S3)=CC=C3C4=NC5=C(S4)N=C(C6=CC=C(C7=CC=C(C8=CC=C(N(C9=CC=CC=C9)C%10=CC=CC=C%10)C=C8)S7)S6)S5,-5.39,-3.68,17.4,0.98,0.51,8.63,-,-,-,-,10.1016/j.solmat.2017.07.016
CC1=CC=C(N(C2=CC=C(N3C(C=CC=C4)=C4N(C5=CC=C(N(C6=CC=C(C)C=C6)C7=CC=C(C)C=C7)C=C5)CC3)C=C2)C8=CC=C(C)C=C8)C=C1,-5.25,-2,14.58,0.91,0.67,9.07,19.17,1.01,0.7,13.65,10.1016/j.apsusc.2017.04.153
CC1=CC=C(N(C2=CC=C(N3C(C=C(C=CC=C4)C4=C5)=C5N(C6=CC=C(N(C7=CC=C(C)C=C7)C8=CC=C(C)C=C8)C=C6)C9=C3C=CC=C9)C=C2)C%10=CC=C(C)C=C%10)C=C1,-5.2,-2.36,16.26,0.93,0.54,8.16,19.17,1.01,0.7,13.65,10.1016/j.apsusc.2017.04.153
COC1=CC=C(N(C2=C3C(C=CC=C3)=C(N(C4=CC=C(OC)C=C4)C5=CC=C(OC)C=C5)C6=C2C=CC=C6)C7=CC=C(OC)C=C7)C=C1,-5.26,-3.01,19.37,1.03,0.67,13.41,21.4,1.06,0.76,17.27,10.1039/C7CC03444J
COC1=CC=C(N(C2=CC=C(C3=C4C(C=CC=C4)=C(C5=CC=C(N(C6=CC=C(OC)C=C6)C7=CC=C(OC)C=C7)C=C5)C8=C3C=CC=C8)C=C2)C9=CC=C(OC)C=C9)C=C1,-5.31,-2.56,21.39,1.07,0.78,17.56,21.4,1.06,0.76,17.27,10.1039/C7CC03444J
COC1=CC=C(N(C2=CC=C(C3=C(OC)C(OC)=C(C4=CC=C(N(C5=CC=C(OC)C=C5)C6=CC=C(OC)C=C6)C=C4)C7=NON=C73)C=C2)C8=CC=C(OC)C=C8)C=C1,-5.42,-3.13,19.9,0.92,0.6,13.2,7,1.34,0.56,5.26,10.1021/acs.jpcc.7b04614
COC1=CC=C(N(C2=CC=C3C(C(C=C(N(C4=CC=C(OC)C=C4)C5=CC=C(OC)C=C5)C=C6)=C6N3C7=CC8=CC=C(OC)C(C9=C(OC)C=CC%10=C9C=CC(N%11C%12=C(C=C(N(C%13=CC=C(OC)C=C%13)C%14=CC=C(OC)C=C%14)C=C%12)C%15=CC(N(C%16=CC=C(OC)C=C%16)C%17=CC=C(OC)C=C%17)=CC=C%15%11)=C%10)=C8C=C7)=C2)C%18=CC=C(OC)C=C%18)C=C1,-5.34,-2.38,13.23,0.98,0.5,8.73,18.98,0.91,0.51,8.73,10.1039/C6RA25606F
COC(C=CC1=C2C=CC(N3C4=C(C=CC(N(C5=CC=C(OC)C=C5)C6=CC=C(OC)C=C6)=C4)C7=CC=C(N(C8=CC=C(OC)C=C8)C9=CC=C(OC)C=C9)C=C73)=C1)=C2C%10=C%11C(C=C(N%12C%13=C(C=CC(N(C%14=CC=C(OC)C=C%14)C%15=CC=C(OC)C=C%15)=C%13)C%16=CC=C(N(C%17=CC=C(OC)C=C%17)C%18=CC=C(OC)C=C%18)C=C%16%12)C=C%11)=CC=C%10OC,-5.39,-2.36,16.53,0.89,0.56,8.38,18.98,0.91,0.51,8.73,10.1039/C6RA25606F
COC(C=CC1=C2C=CC(N3C4=C(C=CC(N(C5=CC=C(OC)C=C5)C6=CC=C(OC)C=C6)=C4)C7=CC=C(N(C8=CC=C(OC)C=C8)C9=CC=C(OC)C=C9)C=C73)=C1)=C2C%10=C%11C(C=C(N%12C%13=C(C=CC(N(C%14=CC=C(OC)C=C%14)C%15=CC=C(OC)C=C%15)=C%13)C%16=CC=C(N(C%17=CC=C(OC)C=C%17)C%18=CC=C(OC)C=C%18)C=C%16%12)C=C%11)=CC=C%10OC,-5.4,-2.37,16.69,0.9,0.49,7.08,18.98,0.91,0.51,8.73,10.1039/C6RA25606F
COC1=CC=C(N(C2=CC=C(C(C=CC(N(C3=CC=C(OC)C=C3)C4=CC=C(OC)C=C4)=C5)=C5N6CC7=CC=CC=C7C8=CC=CC=C8CN9C%10=C(C=CC(N(C%11=CC=C(OC)C=C%11)C%12=CC=C(OC)C=C%12)=C%10)C%13=CC=C(N(C%14=CC=C(OC)C=C%14)C%15=CC=C(OC)C=C%15)C=C%139)C6=C2)C%16=CC=C(OC)C=C%16)C=C1,-5.1,-,20.6,1.04,0.76,16.5,21.4,1.07,0.75,17.5,10.1002/asia.201700173
COC1=CC=C(N(C2=CC=C(C(C=CC(N(C3=CC=C(OC)C=C3)C4=CC=C(OC)C=C4)=C5)=C5N6C7=CC=C(C8=CC=C(C9=CC=C(N%10C%11=C(C=CC(N(C%12=CC=C(OC)C=C%12)C%13=CC=C(OC)C=C%13)=C%11)C%14=CC=C(N(C%15=CC=C(OC)C=C%15)C%16=CC=C(OC)C=C%16)C=C%14%10)C=C9)C%17=NSN=C8%17)C=C7)C6=C2)C%18=CC=C(OC)C=C%18)C=C1,-5.21,-2.93,21.06,1.06,0.76,16.87,20.64,1.05,0.75,16.24,10.1016/j.dyepig.2017.04.059
COC1=CC=C(N(C2=CC=C(C(C=CC(N(C3=CC=C(OC)C=C3)C4=CC=C(OC)C=C4)=C5)=C5C6(CCCCCC)CCCCCC)C6=C2)C7=CC=C(OC)C=C7)C=C1,-5.03,-2.08,20.05,1.06,0.37,7.8,18.39,1.08,0.38,7.5,10.1002/aenm.201602736
COC1=CC=C(N(C2=CC=C(C(C=CC(N(C3=CC=C(OC)C=C3)C4=CC=C(OC)C=C4)=C5)=C5C6(CCCCN(C)C)CCCCN(C)C)C6=C2)C7=CC=C(OC)C=C7)C=C1,-5.05,-2.08,0.58,0.92,0.15,0.08,18.39,1.08,0.38,7.5,10.1002/aenm.201602736
COC1=CC=C(N(C2=CC=C(C(C=CC(N(C3=CC=C(OC)C=C3)C4=CC=C(OC)C=C4)=C5)=C5C6(CCCC[N+](C)(C)C)CCCC[N+](C)(C)C)C6=C2)C7=CC=C(OC)C=C7)C=C1,-5.06,-2.12,21.04,1.08,0.67,15.2,18.39,1.08,0.38,7.5,10.1002/aenm.201602736
CC1=CC=C(N(C2=CC=C(/C=C/C3=C(C)C=C(N(C4=CC=C(/C=C/C5=CC=C(N(C6=CC=C(C)C=C6)C7=CC=C(C)C=C7)C=C5)C=C4)C8=CC=C(C9=CC=C(N(C%10=CC(C)=C(/C=C/C%11=CC=C(N(C%12=CC=C(C)C=C%12)C%13=CC=C(C)C=C%13)C=C%11)C=C%10)C%14=CC=C(/C=C/C%15=CC=C(N(C%16=CC=C(C)C=C%16)C%17=CC=C(C)C=C%17)C=C%15)C=C%14)C=C9)C=C8)C=C3)C=C2)C%18=CC=C(C)C=C%18)C=C1,-5.33,-2.65,20.6,1.09,0.64,14.33,21.61,1.07,0.7,17.04,10.1039/C7TC03931J
CC1=C(/C=C/C2=CC=C(N(C3=CC=C(OC)C=C3)C4=CC=C(OC)C=C4)C=C2)C=CC(N(C5=CC=C(/C=C/C6=CC=C(N(C7=CC=C(OC)C=C7)C8=CC=C(OC)C=C8)C=C6)C=C5)C9=CC=C(C%10=CC=C(N(C%11=CC(C)=C(/C=C/C%12=CC=C(N(C%13=CC=C(OC)C=C%13)C%14=CC=C(OC)C=C%14)C=C%12)C=C%11)C%15=CC=C(/C=C/C%16=CC=C(N(C%17=CC=C(OC)C=C%17)C%18=CC=C(OC)C=C%18)C=C%16)C=C%15)C=C%10)C=C9)=C1,-5.28,-2.69,20.84,1.1,0.67,15.28,21.61,1.07,0.7,17.04,10.1039/C7TC03931J
CC1=C(/C=C/C2=CC=C(N(CC)C3=C4C=CC=C3)C4=C2)C=CC(N(C5=CC=C(/C=C/C6=CC(C7=CC=CC=C7N8CC)=C8C=C6)C=C5)C9=CC=C(C%10=CC=C(N(C%11=CC(C)=C(C=CC%12=CC(C%13=CC=CC=C%13N%14CC)=C%14C=C%12)C=C%11)C%15=CC=C(/C=C/C%16=CC=C(N(CC)C%17=C%18C=CC=C%17)C%18=C%16)C=C%15)C=C%10)C=C9)=C1,-5.34,-2.58,20.31,1.1,0.52,11.73,21.61,1.07,0.7,17.04,10.1039/C7TC03931J
CCCCN(CCCC)C1=CC=C(/C=C/C2=CC=C(N(C3=CC=C(N(C4=CC=C(N(C5=CC=C(/C=C/C6=CC=C(N(CCCC)CCCC)C=C6)C=C5)C7=CC=C(/C=C/C8=CC=C(N(CCCC)CCCC)C=C8)C=C7)C=C4)C9=CC=C(N(C%10=CC=C(/C=C/C%11=CC=C(N(CCCC)CCCC)C=C%11)C=C%10)C%12=CC=C(/C=C/C%13=CC=C(N(CCCC)CCCC)C=C%13)C=C%12)C=C9)C=C3)C%14=CC(C=CC%15=CC=C(N(CCCC)CCCC)C=C%15)=CC=C%14)C=C2)C=C1,-5.34,-2.64,19.14,1.05,0.6,12.4,22.05,1.04,0.73,16.7,10.1016/j.dyepig.2016.08.002
CCCCN(CCCC)C1=CC=C(/C=C/C2=CC=C(N(/C=C/C3=CC=C(N(C4=CC=C(C=CN(C5=CC=C(/C=C/C6=CC=C(N(CCCC)CCCC)C=C6)C=C5)C7=CC=C(/C=C/C8=CC=C(N(CCCC)CCCC)C=C8)C=C7)C=C4)C9=CC=C(C=CN(C%10=CC=C(/C=C/C%11=CC=C(N(CCCC)CCCC)C=C%11)C=C%10)C%12=CC=C(/C=C/C%13=CC=C(N(CCCC)CCCC)C=C%13)C=C%12)C=C9)C=C3)C%14=CC(C=CC%15=CC=C(N(CCCC)CCCC)C=C%15)=CC=C%14)C=C2)C=C1,-5.14,-2.54,21.33,1.03,0.7,15.4,22.05,1.04,0.73,16.7,10.1016/j.dyepig.2016.08.002
COC1=CC=C(N(C2=CC=C(C3=CC(C(C4=CC=C(CCCCCC)C=C4)(C5=CC=C(CCCCCC)C=C5)C6=C7C=C8C(C([S]=C(C9=CC=C(N(C%10=CC=C(OC)C=C%10)C%11=CC=C([o]C)C=C%11)C=C9)C%12)=C%12C8(C%13=CC=C(CCCCCC)C=C%13)C%14=CC=C(CCCCCC)C=C%14)=C6)=C7S3)C=C2)C%15=CC=C([o]C)C=C%15)C=C1,-4.9,-2.4,21.99,1.05,0.61,13.6,22.18,1.07,0.72,17,10.1002/cssc.201700197
COC1=CC=C(N(C2=CC=C(C(S3)=CC4=C3C(C(C5=CC=C(CCCCCC)C=C5)(C6=CC=C(CCCCCC)C=C6)C7=C8C=C9C(C([S]=C%10C%11SC(C%12=CC=C(N(C%13=CC=C(OC)C=C%13)C%14=CC=C([o]C)C=C%14)C=C%12)=C%10)=C%11C9(C%15=CC=C(CCCCCC)C=C%15)C%16=CC=C(CCCCCC)C=C%16)=C7)=C8S4)C=C2)C%17=CC=C([o]C)C=C%17)C=C1,-5,-2.5,21.99,1.04,0.7,15.7,22.18,1.07,0.72,17,10.1002/cssc.201700197
OC(C(C1=CC=C(N(C2=CC=CC=C2)C3=C4C=CC=C3)C4=C1)=CC(C5=CC(N(C6=CC=CC=C6)C7=C8C=CC=C7)=C8C=C5)=C9)=C9C(C=C%10)=CC%11=C%10N(C%12=C%11C=CC=C%12)C%13=CC=CC=C%13,-5.47,-2.02,23.15,1.07,0.67,16.97,23.1,1.11,0.73,18.85,10.1016/j.jpowsour.2017.01.121
CCCCCCCCOC(C(C1=CC=C(N(C2=CC=CC=C2)C3=C4C=CC=C3)C4=C1)=CC(C5=CC(N(C6=CC=CC=C6)C7=C8C=CC=C7)=C8C=C5)=C9)=C9C(C=C%10)=CC%11=C%10N(C%12=C%11C=CC=C%12)C%13=CC=CC=C%13,-5.56,-2.11,22.38,1.09,0.61,15.28,23.1,1.11,0.73,18.85,10.1016/j.jpowsour.2017.01.121
COC(C=C1)=CC=C1N(C2=CC=C(OC)C=C2)C(C=C3)=CC4=C3C5=C(N4C(CCCCC)CC)C=C(N(C6=CC=C(OC)C=C6)C7=CC=C(OC)C=C7)C=C5,-4.78,-1.82,25.19,0.93,0.68,15.92,22.32,1.02,0.73,16.7,10.1039/c7tc03683c
CCCCCCOC1=CC=C(N(C2=CC=C(C3=CC4=C(C(SC5=C6NC7=C5SC(/C=C(C#N)/C#N)=C7)=C6N4)S3)C=C2)C8=CC=C(OCCCCCC)C=C8)C=C1,-5.1,-3.53,22.5,1.04,0.73,17.7,23,1.1,0.75,19.8,10.1021/acsami.7b10039
CCCCCCOC1=CC=C(N(C2=CC=C(C3=CC4=C(C(SC5=C6SC7=C5N(CCCCCC)C8=C7SC(/C=C(C#N)/C#N)=C8)=C6N4CCCCCC)S3)C=C2)C9=CC=C(OCCCCCC)C=C9)C=C1,-5.08,-3.57,21.7,1.02,0.7,16.1,23,1.1,0.75,19.8,10.1021/acsami.7b10039
COC(C=C1)=CC=C1N(C2=CC=C(OC)C=C2)C(C=C3)=CC=C3C4=C(C5=CC=C(N(C6=CC=C(OC)C=C6)C7=CC=C(OC)C=C7)C=C5)C(C8=CC=C(N(C9=CC=C(OC)C=C9)C%10=CC=C(OC)C=C%10)C=C8)=C(C%11=CC=C(N(C%12=CC=C(OC)C=C%12)C%13=CC=C(OC)C=C%13)C=C%11)C(C%14=CC=C(N(C%15=CC=C(OC)C=C%15)C%16=CC=C(OC)C=C%16)C=C%14)=C4C%17=CC=C(N(C%18=CC=C(OC)C=C%18)C%19=CC=C(OC)C=C%19)C=C%17,-5.31,-2.1,22.11,1.06,0.62,15.74,22.83,1.1,0.66,17.73,10.1021/acsami.7b13380
FC1=C(C2=CC3=C(C(SC(C4=C(F)C=C(C5=CC6=C(C(SC(C7=C(F)C=C(C8=CC=C(C9=CC=C(CCCCCC)S9)S8)C%10=NSN=C%107)=C%11)=C%11[Si]6(C(CCCC)CC)C(CCCC)CC)S5)C%12=NSN=C%124)=C%13)=C%13[Si]3(C(CCCC)CC)C(CCCC)CC)S2)C%14=NSN=C%14C(C(S%15)=CC=C%15C%16=CC=C(CCCCCC)S%16)=C1,-5.27,-3.86,20.7,1.1,0.76,17.3,20.5,1.1,0.77,17.4,10.1021/acsami.7b11938
CC1=CC=C(N(C2=CC=C(C3(CCCCC3)C4=CC=C(N(C5=CC=C(C)C=C5)C6=CC=C(C)C=C6)C=C4)C=C2)C7=CC=C(C)C=C7)C=C1,-5.5,-2,22.32,1.04,0.81,18.8,19.37,0.89,0.73,12.63,10.1002/adfm.201702613
COC1=CC=C(N(C2=CC=C(OC)C=C2)C3=CC=C(C4=C(OCCO5)C5=C(C(C=C6)=CC7=C6C(C8=C9C%10=C(C=C(C(S%11)=C%12C(OCCO%12)=C%11C%13=CC=C(N(C%14=CC=C(OC)C=C%14)C%15=CC=C(OC)C=C%15)C=C%13)C=C%10)C8(CCCCCC)CCCCCC)=C(C7(CCCCCC)CCCCCC)C%16=C9C(CCCCCC)(CCCCCC)C%17=CC=C(C(S%18)=C%19C(OCCO%19)=C%18C%20=CC=C(N(C%21=CC=C(OC)C=C%21)C%22=CC=C(OC)C=C%22)C=C%20)C=C%17%16)S4)C=C3)C=C1,-5.1,-2.5,20.8,1.08,0.82,18.36,21.9,1.1,0.79,19.13,10.1039/c7ta08053k
COC1=CC=C(N(C2=CC=C(OC)C=C2)C3=CC=C(N4CCCCCC)C(C5=C4C=CC(N(C6=CC=C(OC)C=C6)C7=CC=C(OC)C=C7)=C5)=C3)C=C1,-4.65,-1.85,13.7,0.84,0.59,7.5,15.8,0.92,0.69,11.2,10.1007/s10854-017-7691-y
COC1=CC=C(N(C2=CC=C(OC)C=C2)C3=CC=C(N4CC)C(C5=C4C=CC(N(C6=CC=C(OC)C=C6)C7=CC=C(OC)C=C7)=C5)=C3)C=C1,-4.7,-1.93,18.6,0.88,0.59,10.8,15.8,0.92,0.69,11.2,10.1007/s10854-017-7691-y
COC1=CC=C(N(C2=CC=C(OC)C=C2)C3=CC=C(N4C5=CC=CC=C5)C(C6=C4C=CC(N(C7=CC=C(OC)C=C7)C8=CC=C(OC)C=C8)=C6)=C3)C=C1,-4.68,-1.91,17.5,0.93,0.55,8.3,15.8,0.92,0.69,11.2,10.1007/s10854-017-7691-y
CSC(S/1)=C(SC)SC1=C\C(C=C2)=CC=C2N(C3=CC=C(N4C5=CC=CC=C5SC6=C4C=CC=C6)C=C3)C7=CC=C(N(C8=CC=CC=C8S9)C%10=C9C=CC=C%10)C=C7,-5.18,-2.11,16.61,0.75,0.63,4.11,22.08,1.03,0.71,16.07,10.1016/j.electacta.2017.10.085
CSC(S/1)=C(SC)SC1=C\C(C=C2)=CC=C2N(C3=CC=C(N4C5=CC=CC=C5C6=C4C=CC=C6)C=C3)C7=CC=C(N(C8=CC=CC=C89)C%10=C9C=CC=C%10)C=C7,-5.22,-2.16,19.72,1.06,0.72,14.81,22.08,1.03,0.71,16.07,10.1016/j.electacta.2017.10.085
C(OC(C1=CC=CC=C1)=C/2)(C3=CC=CC=C3)=CC2=C4C=C(C5=CC=CC=C5)OC(C6=CC=CC=C6)=C/4,-4.74,-2.84,19.51,0.93,0.55,10.5,18.95,1,0.58,11.8,10.1002/ente.201700448
COC(C=C1)=CC=C1N(C2=CC=C(OC)C=C2)C(C=C3)=CC4=C3N(C5=C4C=C(N(C6=CC=C(OC)C=C6)C7=CC=C(OC)C=C7)C=C5)C8=CC9=CC=C(OCC%10=CC=CC=C%10)C(C%11=C%12C=CC(N%13C(C=CC(N(C%14=CC=C(OC)C=C%14)C%15=CC=C(OC)C=C%15)=C%16)=C%16C%17=C%13C=CC(N(C%18=CC=C(OC)C=C%18)C%19=CC=C(OC)C=C%19)=C%17)=CC%12=CC=C%11OCC%20=CC=CC=C%20)=C9C=C8,-5.41,-2.13,15.82,0.95,0.69,10.37,17.75,1.01,0.56,10.06,10.1016/j.tet.2017.05.020
COC(C=C1)=CC=C1N(C2=CC=C(OC)C=C2)C(C=C3)=CC4=C3N(C5=C4C=C(N(C6=CC=C(OC)C=C6)C7=CC=C(OC)C=C7)C=C5)C8=CC9=CC=C(OCCCCCC)C(C%10=C%11C=CC(N%12C(C=CC(N(C%13=CC=C(OC)C=C%13)C%14=CC=C(OC)C=C%14)=C%15)=C%15C%16=C%12C=CC(N(C%17=CC=C(OC)C=C%17)C%18=CC=C(OC)C=C%18)=C%16)=CC%11=CC=C%10OCCCCCC)=C9C=C8,-5.39,-2.33,15.3,0.92,0.63,8.87,17.75,1.01,0.56,10.06,10.1016/j.tet.2017.05.020
CCCCCCC(C1=C2C=CC([N+](C3=CC=C(OC)C=C3)(C)C4=CC=C(OC)C=C4)=C1)(CCCCCC)C5=C2C(C(CCCCCC)(CCCCCC)C6=C7C=CC(N(C8=CC=C(OC)C=C8)C9=CC=C(OC)C=C9)=C6)=C7C%10=C5C%11=CC=C([N+](C%12=CC=C(OC)C=C%12)(C)C%13=CC=C(OC)C=C%13)C=C%11C%10(CCCCCC)CCCCCC,-5.15,-,15.5,1.04,0.29,4.9,21.5,1.14,0.76,19.2,10.1021/acsami.7b05484
CCCCCC(C1=C2C=CC(C3=CC=C(N(C4=CC=C(OC)C=C4)C5=CC=C(OC)C=C5)C=C3)=C1)(CCCCCC)C6=C2C(C(CCCCCC)(CCCCCC)C7=C8C=CC(C9=CC=C(N(C%10=CC=C(OC)C=C%10)C%11=CC=C(OC)C=C%11)C=C9)=C7)=C8C%12=C6C%13=CC=C(C%14=CC=C(N(C%15=CC=C(OC)C=C%15)C%16=CC=C(OC)C=C%16)C=C%14)C=C%13C%12(CCCCCC)CCCCCC.C,-5.24,-,14.4,1.05,0.26,4,21.5,1.14,0.76,19.2,10.1021/acsami.7b05485
COC(C=C1)=CC=C1N(C2=CC=C(C3=CC=C(C4=CC=C(C5=CC=C(N(C6=CC=C(OC)C=C6)C7=CC=C(OC)C=C7)C=C5)C=C4C89C(C=CC=C%10)=C%10OC%11=C9C=CC=C%11)C8=C3)C=C2)C%12=CC=C(OC)C=C%12.C,-5.35,-2.45,18.91,0.95,0.52,9.21,19.5,1.01,0.67,13.25,10.1002/solr.201700096
COC(C=C1)=CC=C1N(C2=CC=C(C3=CC=C(C4=CC=C(C5=CC=C(N(C6=CC=C(OC)C=C6)C7=CC=C(OC)C=C7)C=C5)C=C4C89C(C=CC%10=C%11C=CC=C%10)=C%11OC%12=C9C=CC%13=C%12C=CC=C%13)C8=C3)C=C2)C%14=CC=C(OC)C=C%14.C,-5.37,-2.48,18.7,0.96,0.63,11.3,19.5,1.01,0.67,13.25,10.1002/solr.201700096
COC(C=C1)=CC=C1N(C2=CC=C(C3=CC=C4C(C5(C6=CC(C7=CC=C(N(C8=CC=C(OC)C=C8)C9=CC=C(OC)C=C9)C=C7)=CC=C6OC%10=CC=C(C%11=CC=C(N(C%12=CC=C(OC)C=C%12)C%13=CC=C(OC)C=C%13)C=C%11)C=C%105)C%14=CC(C%15=CC=C(N(C%16=CC=C(OC)C=C%16)C%17=CC=C(OC)C=C%17)C=C%15)=CC=C%14O4)=C3)C=C2)C%18=CC=C(OC)C=C%18.C.C,-5.34,-2.43,20.61,1.04,0.65,13.81,19.5,1.01,0.67,13.25,10.1002/solr.201700096
CC(C)(C)C(C=C12)=CC=C1N(C3=CC=C(/C(C4=CC=C(N5C6=CC=C(C(C)(C)C)C=C6C7=C5C=CC(C(C)(C)C)=C7)C=C4)=C(C8=CC=C(N9C%10=CC=C(C(C)(C)C)C=C%10C%11=C9C=CC(C(C)(C)C)=C%11)C=C8)\C%12=CC=C(N%13C%14=CC=C(C(C)(C)C)C=C%14C%15=C%13C=CC(C(C)(C)C)=C%15)C=C%12)C=C3)C%16=C2C=C(C(C)(C)C)C=C%16.C,-5.32,-2.36,20.23,0.94,0.63,12.65,20.33,1.02,0.7,14.46,10.1002/ente.201600555
COC(C=C1)=CC=C1N(C2=CC=C(C3=C(N4C5=CC=C(C(C6=C(N(C)C)C=CC7=CC(N8C9=CC(N(C%10=CC=C(OC)C=C%10)C%11=CC=C(OC)C=C%11)=CC=C9C%12=C8C=C(N(C%13=CC=C(OC)C=C%13)C%14=CC=C(OC)C=C%14)C=C%12)=CC=C76)=CC(N(C)C)=C%15)C%15=C5)C=C(N(C%16=CC=C(OC)C=C%16)C%17=CC=C(OC)C=C%17)C=C3)C4=C2)C%18=CC=C(OC)C=C%18.C,-5.32,-2.26,14.62,0.73,0.29,3.05,18.78,0.92,0.58,10.01,10.1002/slct.201700546
COC(C=C1)=CC=C1N(C2=CC=C3C(C4=C(N3C5=CC=C(C(C6=C(N(C)C)C=CC7=CC(N8C9=CC=C(N(C%10=CC=C(OC)C=C%10)C%11=CC=C(OC)C=C%11)C=C9C%12=C8C=CC(N(C%13=CC=C(OC)C=C%13)C%14=CC=C(OC)C=C%14)=C%12)=CC=C76)=CC(N(C)C)=C%15)C%15=C5)C=CC(N(C%16=CC=C(OC)C=C%16)C%17=CC=C(OC)C=C%17)=C4)=C2)C%18=CC=C(OC)C=C%18.C,-5.33,-2.35,13.84,0.74,0.29,9.31,18.78,0.92,0.58,10.01,10.1002/slct.201700546
COC(C=C1)=CC=C1N(C2=CC(NC3=CC(N(C4=CC5=C(N(CN5C6)C(C(C)=C7)=C6C=C7N(C8=CC=C(C9=CC=C(N(C%10=CC=C(OC)C=C%10)C%11=CC=C(OC)C=C%11)C=C9)C=C8)C%12=CC=C(OC)C=C%12)C(C)=C4)C%13=CC=C(OC)C=C%13)=CC=C3)=CC=C2)C%14=CC=C(OC)C=C%14,-5.11,-1.98,21,0.95,0.75,16.1,23,0.98,0.72,14.6,10.1021/acs.jpcc.6b11880
CCCCCCCCN(CCCCCCCC)C(C=C1)=CC=C1/C=C/C(C=C2)=CC=C2/C=C/C(C=C3)=CC=C3/C=C/C4=CC=C(N(C5=CC=C(/C=C/C6=CC=C(/C=C/C7=CC=C(/C=C/C8=CC=C(N(CCCCCCCC)CCCCCCCC)C=C8)C=C7)C=C6)C=C5)C9=CC=C(/C=C/C%10=CC=C(/C=C/C%11=CC=C(/C=C/C%12=CC=C(N(CCCCCCCC)CCCCCCCC)C=C%12)C=C%11)C=C%10)C=C9)C=C4,-5.18,-2.73,20.34,0.95,0.61,12.22,20.84,1.02,0.7,14.93,10.1002/ente.201600517
CCN(C1=C2C=CC(C3=CC=C(N(C4=CC=C(OC)C=C4)C5=CC=C(OC)C=C5)C=C3)=C1)C6=C2C(N(CC)C7=C8C=CC(C9=CC=C(N(C%10=CC=C(OC)C=C%10)C%11=CC=C(OC)C=C%11)C=C9)=C7)=C8C%12=C6C%13=CC=C(C%14=CC=C(N(C%15=CC=C(OC)C=C%15)C%16=CC=C(OC)C=C%16)C=C%14)C=C%13N%12CC,-5.34,-,19.8,0.98,0.72,13.9,20.6,0.96,0.71,14.1,10.1039/c6ta09314k
CCN(C1=C2C=CC(C3=CC=C(OC)C=C3)=C1)C4=C2C(N(CC)C5=C6C=CC(C7=CC=C(OC)C=C7)=C5)=C6C8=C4C9=CC=C(C%10=CC=C(OC)C=C%10)C=C9N8CC,-5.41,-,21.4,1,0.73,15.5,20.6,0.96,0.71,14.1,10.1039/c6ta09314k
CCCCCCCCSC(C1)=CC=C1C2=C(C=C(C3=CC=C(C4=C5C(C(N4CC(CCCC)CC)=O)=CN(CC(CCCC)CC)C5=O)S3)S6)C6=C(C7=CC=C(SCCCCCCCC)C7)C8=C2SC(C9=CC=C(C%10=C%11C(C(N%10CC(CCCC)CC)=O)=CN(CC(CCCC)CC)C%11=O)S9)=C8,-5.3,-3.5,22,1.06,0.78,21.5,21.3,1.04,0.76,20.7,10.1002/advs.201700025
COC1=CC=C(N(C2=CC(N(C3=CC=C(OC)C=C3)C4=CC=C(OC)C=C4)=CC(N5CC)=C2C6=C5C=C(N(C7=CC=C(OC)C=C7)C8=CC=C(OC)C=C8)C=C6N(C9=CC=C(OC)C=C9)C%10=CC=C(OC)C=C%10)C%11=CC=C(OC)C=C%11)C=C1,-5.27,-2.52,22.26,1.14,0.71,17.81,22.45,1.13,0.74,18.59,10.1002/cssc.201700678
COC1=CC=C(N(C2=CC=C(C3=CC(C(C)(C)C(C=C(C4=CC=C(N(C5=CC=C(OC)C=C5)C6=CC=C(OC)C=C6)C=C4)C=C7)=C7N8C9=CC=C(OC)C=C9)=C8C=C3)C=C2)C%10=CC=C(OC)C=C%10)C=C1,-5.03,-2.05,21.96,1.03,0.74,16.83,21.73,1.02,0.74,16.44,10.1039/c7ta01248a
CSC1=CC=C(N(C2=CC=C(C3=CC(C(C=C(C4=CC=C(N(C5=CC=C(SC)C=C5)C6=CC=C(SC)C=C6)C=C4)C=C7)=C7N8CC(CCCC)CC)=C8C=C3)C=C2)C9=CC=C(SC)C=C9)C=C1,-4.9,-1.98,21.22,0.95,0.64,12.91,22.32,1.02,0.73,16.7,10.1021/acs.jpcc.7b04469
COC1=CC=C(N(C2=CC=C(C3=CC=C(C4=CC=C(C5=CC=C(N(C6=CC=C(OC)C=C6)C7=CC=C(OC)C=C7)C=C5)C=C4)C=C3)C=C2)C8=CC=C(OC)C=C8)C=C1,-5.36,-2.44,21.11,1,0.7,13.27,21.44,1.1,0.71,16.81,10.1002/aelm.201700139
COC1=CC=C(N(C2=CC=C(C3=CC=C(/C=C/C4=CC=C(C5=CC=C(N(C6=CC=C(OC)C=C6)C7=CC=C(OC)C=C7)C=C5)C=C4)C=C3)C=C2)C8=CC=C(OC)C=C8)C=C1,-5.48,-2.21,21.11,1.1,0.71,16.42,21.44,1.1,0.71,16.81,10.1002/aelm.201700139
COC1=CC=C(N(C2=CC=C(C3=CC=C(N(C4=CC=C(OC)C=C4)C5=CC=C(OC)C=C5)C=C3)C=C2)C6=CC=C(OC)C=C6)C=C1,-5.31,-2.35,20.81,1.06,0.65,14.4,22.14,1.08,0.65,15.6,10.1016/j.jpowsour.2017.01.092
COC1=CC(OC)=CC=C1C2=CC=C(N(C3=CC=C(C4=CC=C(N(C5=CC=C(C6=C(OC)C=C(OC)C=C6)C=C5)C7=CC=C(C8=CC=C(OC)C=C8OC)C=C7)C=C4)C=C3)C9=CC=C(C%10=C(OC)C=C(OC)C=C%10)C=C9)C=C2,-5.37,-2.45,22.59,1.09,0.67,16.4,22.14,1.08,0.65,15.6,10.1016/j.jpowsour.2017.01.092
COC1=CC=C(N(C2=CC(/C3=C\C4=CC=C(N(C5=CC=CC=C5)C6=CC=CC=C6)C=C4)=C(C7=C3C=C(N(C8=CC=C(OC)C=C8)C9=CC=C(OC)C=C9)C=C7)C=C2)C%10=CC=C(OC)C=C%10)C=C1,-5.13,-0.08,19.08,1.01,0.76,14.52,21.61,1.09,0.75,17.88,10.1038/s41598-017-00271-z
COC1=CC=C(N(C2=CC(/C3=C\C4=CC(C)=C(N(C5=CC=CC=C5)C6=CC=CC=C6)C=C4)=C(C7=C3C=C(N(C8=CC=C(OC)C=C8)C9=CC=C(OC)C=C9)C=C7)C=C2)C%10=CC=C(OC)C=C%10)C=C1,-5.05,-0.05,17.53,1.15,0.74,15.09,21.61,1.09,0.75,17.88,10.1038/s41598-017-00271-z
COC1=CC=C(N(C2=CC(/C3=C/C4=C(C)C=C(N(C5=CC=CC=C5)C6=CC=CC=C6)C=C4)=C(C7=C3C=C(N(C8=CC=C(OC)C=C8)C9=CC=C(OC)C=C9)C=C7)C=C2)C%10=CC=C(OC)C=C%10)C=C1,-5.14,-0.22,13.37,0.92,0.71,9.15,21.61,1.09,0.75,17.88,10.1038/s41598-017-00271-z
COC1=CC=C(N(C2=CC(/C3=C/C4=CC=C(N(C5=CC=C(C)C=C5)C6=CC=C(C)C=C6)C=C4)=C(C7=C3C=C(N(C8=CC=C(OC)C=C8)C9=CC=C(OC)C=C9)C=C7)C=C2)C%10=CC=C(OC)C=C%10)C=C1,-5.05,-0.02,21.27,1.05,0.75,16.79,21.61,1.09,0.75,17.88,10.1038/s41598-017-00271-z
COC1=CC=C(N(C2=CC(/C3=C/C4=CC=C(N(C5=CC=C(CCCC)C=C5)C6=CC=C(CCCC)C=C6)C=C4)=C(C7=C3C=C(N(C8=CC=C(OC)C=C8)C9=CC=C(OC)C=C9)C=C7)C=C2)C%10=CC=C(OC)C=C%10)C=C1,-5.08,-0.08,21.14,1.03,0.76,16.45,21.61,1.09,0.75,17.88,10.1038/s41598-017-00271-z
COC1=CC=C(N(C2=CC(C34CC(C5)(C4)CC65C7=C(C8=C6C=C(N(C9=CC=C(OC)C=C9)C%10=CC=C(OC)C=C%10)C=C8)C=CC(N(C%11=CC=C(OC)C=C%11)C%12=CC=C(OC)C=C%12)=C7)=C(C%13=C3C=C(N(C%14=CC=C(OC)C=C%14)C%15=CC=C(OC)C=C%15)C=C%13)C=C2)C%16=CC=C(OC)C=C%16)C=C1,-5.28,-2.37,19.02,1.01,0.25,4.83,17.31,1,0.25,4.27,10.1039/C7RA06643K
COC1=CC=C(N2C3=CC(C4=CC=C(N(C5=CC=C(OC)C=C5)C6=CC=C(OC)C=C6)C=C4)=CC=C3C7=C2C=CC(N(C8=CC=C(OC)C=C8)C9=CC%10=C(N(C%11=CC(C%12=CC=C(N(C%13=CC=C(OC)C=C%13)C%14=CC=C(OC)C=C%14)C=C%12)=CC=C%11%10)C%15=CC=C(OC)C=C%15)C=C9)=C7)C=C1,-5.02,-1.65,22.98,1.12,0.72,18.57,23.03,1.11,0.72,18.32,10.1016/j.jpowsour.2019.226817
COC1=CC=C(N2C3=CC(C4=CC=C(N(C5=CC=C(OC)C=C5)C6=CC=C(OC)C=C6)C=C4)=CC=C3C7=C2C=CC(N(C8=CC=C(OC)C=C8)C9=CC=C(OC)C=C9)=C7)C=C1,-5.08,-1.67,20.9,1.07,0.55,12.25,23.03,1.11,0.72,18.32,10.1016/j.jpowsour.2019.226817
COC1=CC=C(N(C2=CC=C(C3=CC=C(N(C4=CC=C(OC)C=C4)C5=CC=C(OC)C=C5)C=C3)C=C2)C6=CC=C(C7=CC=C(N(C8=CC=C(OC)C=C8)C9=CC=C(OC)C=C9)C=C7)C=C6)C=C1,-5.17,-1.94,21.06,1.04,0.6,12.29,23.03,1.11,0.72,18.32,10.1016/j.jpowsour.2019.226817
COC1=CC=C(N(C2=CC=C(C3=CC=C(C4=CC=C(N(C5=CC=C(OC)C=C5)C6=CC=C(OC)C=C6)C=C4)C=C3)C=C2)C7=CC=C(OC)C=C7)C=C1,-5.21,-2.15,17.29,0.85,0.5,7.54,22.75,1.06,0.74,17.4,10.1039/C7RA08052B
COC1=CC=C(N(C2=CC=C(C3=CC=C(C4=CC=C(N(C5=CC=C(OC)C=C5)C6=CC=C(OC)C=C6)C=C4)S3)C=C2)C7=CC=C(OC)C=C7)C=C1,-5.13,-2.38,21.88,1.09,0.63,14.63,22.75,1.06,0.74,17.4,10.1039/C7RA08052B
CC1=CC=C(N(C(C2=CC=C3)=CC4=C5C2=C3C6=CC=CC7=C6C5=C(N4CC(CC)CCCCCC)C=C7N(C8=CC=C(C)C=C8)C9=CC=C(C)C=C9)C%10=CC=C(C)C=C%10)C=C1,-,-,7.77,0.82,0.54,1.9,20.93,1.14,0.77,18.6,10.1002/cssc.201702379
CC1=CC=C(N(C(C2=CC=C3)=CC4=C5C2=C3C6=CC=CC7=C6C5=C(N4C8=CC=C(OC)C=C8)C=C7N(C9=CC=C(C)C=C9)C%10=CC=C(C)C=C%10)C%11=CC=C(C)C=C%11)C=C1,-,-,20.74,1.14,0.71,16.9,20.93,1.14,0.77,18.6,10.1002/cssc.201702379
COC1=CC=C(N(C2=CC3=C(N(C4=C5C=C(N(C6=CC=C(OC)C=C6)C7=CC=C(OC)C=C7)C=C4C(C8=CC=C(C)C=C8)3C9=CC=C(C)C=C9)C%10=C%11C=C(N(C%12=CC=C(OC)C=C%12)C%13=CC=C(OC)C=C%13)C=C%10C5(C%14=CC=C(C)C=C%14)C%15=CC=C(C)C=C%15)C(C%11(C%16=CC=C(C)C=C%16)C%17=CC=C(C)C=C%17)=C2)C%18=CC=C(OC)C=C%18)C=C1,-5.28,-2.54,23.1,1.01,0.7,16.4,23.3,0.9,0.7,14.8,10.1039/C7SC03543H
COC1=CC=C(N(C2=CC=C(N(C3=CC=C(N(C4=CC=C(OC)C=C4)C5=CC=C(OC)C=C5)C=C3)C6=CC=C(N(C7=CC=C(OC)C=C7)C8=CC=C(OC)C=C8)C=C6)C=C2)C9=CC=C(OC)C=C9)C=C1,-5.2,-2.49,20.1,0.78,0.69,10.8,23.3,0.9,0.7,14.8,10.1039/C7SC03543H
COC1=CC=C(N(C2=CC3=C(N(CC4=CC(CN(C5=CC=C(N(C6=CC=C(OC)C=C6)C7=CC=C(OC)C=C7)C=C58)C9=C8C=C(N(C%10=CC=C(OC)C=C%10)C%11=CC=C(OC)C=C%11)C=C9)=CC(CN(C%12=CC=C(N(C%13=CC=C(OC)C=C%13)C%14=CC=C(OC)C=C%14)C=C%12%15)C%16=C%15C=C(N(C%17=CC=C(OC)C=C%17)C%18=CC=C(OC)C=C%18)C=C%16)=C4)C%19=CC=C(N(C%20=CC=C(OC)C=C%20)C%21=CC=C(OC)C=C%21)C=C%193)C=C2)C%22=CC=C(OC)C=C%22)C=C1,-5.28,-2.39,19.76,1.01,0.65,13.1,23.3,0.9,0.7,14.8,10.1016/j.dyepig.2017.07.037
COC1=CC=C(N(C2=CC3=C(N(CC4=CC=C(CN(C5=CC=C(N(C6=CC=C(OC)C=C6)C7=CC=C(OC)C=C7)C=C58)C9=C8C=C(N(C%10=CC=C(OC)C=C%10)C%11=CC=C(OC)C=C%11)C=C9)C=C4)C%12=CC=C(N(C%13=CC=C(OC)C=C%13)C%14=CC=C(OC)C=C%14)C=C%123)C=C2)C%15=CC=C(OC)C=C%15)C=C1,-5.33,-2.4,19.38,0.99,0.59,11.4,23.3,0.9,0.7,14.8,10.1016/j.dyepig.2017.07.037
COC1=CC=C(N(C2=CC=C(C3=CC(SC4=C5C=CC(C6=CC=C(N(C7=CC=C(OC)C=C7)C8=CC=C(OC)C=C8)C=C6)=C4)=C(N5C9=CC=C(CCCCCCCC)C=C9)C=C3)C=C2)C%10=CC=C(OC)C=C%10)C=C1,-5.21,-2.51,21.5,0.98,0.38,7.39,22.5,1.03,0.74,17.1,10.1039/C7RA10677G
CC1=CC=C(N(C2=CC=C(C3=CC(N4CCC)=C(C5=C4CC(C6=CC=C(N(C7=CC=C(C)C=C7)C8=CC=C(C)C=C8)C=C6)=S5)S3)C=C2)C9=CC=C(C)C=C9)C=C1,-4.57,-4.59,22.4,1.1,0.71,17.4,22.85,1.12,0.75,19.1,10.1021.acsphotonics.8b01336
CC1=CC=C(N(C2=CC=C(C3=CC(N4C5=CC=C(OC)C=C5)=C(C6=C4CC(C7=CC=C(N(C8=CC=C(C)C=C8)C9=CC=C(C)C=C9)C=C7)=S6)S3)C=C2)C%10=CC=C(C)C=C%10)C=C1,-1.45,-1.43,22.94,1.14,0.75,19.4,22.85,1.12,0.75,19.1,10.1021.acsphotonics.8b01336
COC(C=C1)=CC=C1N2C(C=C(C=C3)C4=CC=C(N(C5=CC=C(OC)C=C5)C6=CC=C(OC)C=C6)C=C4)=C3OC(C=C7)=C2C=C7C8=CC=C(N(C9=CC=C(OC)C=C9)C%10=CC=C(OC)C=C%10)C=C8,-5.2,-2.39,22.1,1.06,0.73,17,23.9,1.14,0.72,19.7,10.1021.acsami.8b12678
COC1=CC=C(N(C2=CC=C(C(C=C3)=CC(N4C5=CC=C(N(C6=CC=C(OC)C=C6)C7=CC=C(OC)C=C7)C=C5)=C3OC(C=C8)=C4C=C8C9=CC=C(N(C%10=CC=C(OC)C=C%10)C%11=CC=C(OC)C=C%11)C=C9)C=C2)C%12=CC=C(OC)C=C%12)C=C1,-5.18,-2.28,23.1,1.1,0.76,19.4,23.9,1.14,0.72,19.7,10.1021.acsami.8b12678
COC1=CC=C(N(/N=C/C2=C(OCCO3)C3=C(/C=N/N(C4=CC=C(OC)C=C4)C5=CC=C(OC)C=C5)S2)C6=CC=C(OC)C=C6)C=C1,-5.08,-2.7,20,1.03,0.74,14.9,19.8,1.09,0.7,15,10.1039.C8ME00023A
COC1=CC(C2=CC=C(N(C3=CC=C(/C(C4=CC=C(N(C5=CC=C(C6=CC=C(OC)C(OC)=C6)C=C5)C7=CC=C(C8=CC(OC)=C(OC)C=C8)C=C7)C=C4)=C(C9=CC=C(N(C%10=CC=C(C%11=CC=C(OC)C(OC)=C%11)C=C%10)C%12=CC=C(C%13=CC(OC)=C(OC)C=C%13)C=C%12)C=C9)\C%14=CC=C(N(C%15=CC=C(C%16=CC(OC)=C(OC)C=C%16)C=C%15)C%17=CC=C(C%18=CC=C(OC)C(OC)=C%18)C=C%17)C=C%14)C=C3)C%19=CC=C(C%20=CC(OC)=C(OC)C=C%20)C=C%19)C=C2)=CC=C1OC,-5.27,-2.54,20.09,1.02,0.68,13.84,20.63,1.05,0.75,16.24,10.1016.j.synthmet.2018.07.017
COC1=CC(C2=CC=C(N(C3=CC=C(C4=C5C=C(N(C6=CC=C(C7=CC=C(OC)C(OC)=C7)C=C6)C8=CC=C(C9=CC(OC)=C(OC)C=C9)C=C8)C=C4)C(/C5=C%10C%11=C(C%12=CC=C(N(C%13=CC=C(C%14=CC=C(OC)C(OC)=C%14)C=C%13)C%15=CC=C(C%16=CC(OC)=C(OC)C=C%16)C=C%15)C=C%12\%10)C=CC(N(C%17=CC=C(C%18=CC(OC)=C(OC)C=C%18)C=C%17)C%19=CC=C(C%20=CC=C(OC)C(OC)=C%20)C=C%19)=C%11)=C3)C%21=CC=C(C%22=CC(OC)=C(OC)C=C%22)C=C%21)C=C2)=CC=C1OC,-5.38,-2.41,20.37,1.02,0.73,15.07,20.63,1.05,0.75,16.24,10.1016.j.synthmet.2018.07.017
COC(C=C1)=CC=C1N(C2=CC=C(OC)C=C2)C(C=C3)=CC4=C3N(C5=C4C=C(N(C6=CC=C(OC)C=C6)C7=CC=C(OC)C=C7)C=C5)C8=CC=C(C9=C(OC)C=C(C%10(C%11=CC(OC)=C(C%12=CC=C(N%13C(C=CC(N(C%14=CC=C(OC)C=C%14)C%15=CC=C(OC)C=C%15)=C%16)=C%16C%17=C%13C=CC(N(C%18=CC=C(OC)C=C%18)C%19=CC=C(OC)C=C%19)=C%17)C=C%12)C=C%11C(C)(C)C%10)CC%20(C)C)C%20=C9)C=C8,-5.2,-,24.67,1.06,0.71,18.57,-,-,-,-,10.1002.ange.201807402
COC(C=C1)=CC=C1N(C2=CC=C(OC)C=C2)C(C=C3)=CC4=C3N(C5=C4C=C(N(C6=CC=C(OC)C=C6)C7=CC=C(OC)C=C7)C=C5)CC8=CC=CC=C8,-4.67,-1.9,14.75,0.94,0.94,11.51,22.15,1.01,0.78,17.68,10.1016.j.orgel.2018.05.024
COC(C=C1)=CC=C1N(C2=CC=C(OC)C=C2)C(C=C3)=CC4=C3N(C5=C4C=C(N(C6=CC=C(OC)C=C6)C7=CC=C(OC)C=C7)C=C5)CC8=CC(CN9C(C=CC(N(C%10=CC=C(OC)C=C%10)C%11=CC=C(OC)C=C%11)=C%12)=C%12C%13=C9C=CC(N(C%14=CC=C(OC)C=C%14)C%15=CC=C(OC)C=C%15)=C%13)=CC(CN%16C(C=CC(N(C%17=CC=C(OC)C=C%17)C%18=CC=C(OC)C=C%18)=C%19)=C%19C%20=C%16C=CC(N(C%21=CC=C(OC)C=C%21)C%22=CC=C(OC)C=C%22)=C%20)=C8,-4.53,-2.03,20.11,0.98,0.73,14.59,22.15,1.01,0.78,17.68,10.1016.j.orgel.2018.05.024
COC(C=C1)=CC=C1N(C2=CC=C(OC)C=C2)C(C=C3)=CC4=C3C5(C(C=CC=C6)=C6C7=C5C=C8C(C9(C(C=CC(N(C%10=CC=C(OC)C=C%10)C%11=CC=C(OC)C=C%11)=C%12)=C%12C%13=C9C=CC(N(C%14=CC=C(OC)C=C%14)C%15=CC=C(OC)C=C%15)=C%13)C%16=C8C=CC=C%16)=C7)C%17=C4C=C(N(C%18=CC=C(OC)C=C%18)C%19=CC=C(OC)C=C%19)C=C%17,-5.14,-2.22,22.01,1.08,0.65,15.5,23.12,1.11,0.75,19.25,10.1002.aenm.201800809
COC(C=C1)=CC=C1N(C2=CC=C(OC)C=C2)C3=CC(C4=C5C=CC(N(C6=CC=C(OC)C=C6)C7=CC=C(OC)C=C7)=C4)=C(C58C(C9C%10C%11(C(C=CC(N(C%12=CC=C(OC)C=C%12)C%13=CC=C(OC)C=C%13)=C%14)=C%14C%15=C%11C=CC(N(C%16=CC=C(OC)C=C%16)C%17=CC=C(OC)C=C%17)=C%15)C%18=C9C=CC=C%18)=C(S%10)C%19=C8C=CC=C%19)C=C3,-5.22,-2.27,23.52,1.13,0.76,20.2,23.12,1.11,0.75,19.25,10.1002.aenm.201800809
CC(C)(C)C(C=C1C(C2=CC=C(OCC(CCCC)CC)C=C2)(O)C3=CC=C(OCC(CCCC)CC)C=C3)=CC=C1N(C4=C(C(C5=CC=C(OCC(CCCC)CC)C=C5)(O)C6=CC=C(OCC(CCCC)CC)C=C6)C=CC=C4)C7=C(C(C8=CC=C(OCC(CCCC)CC)C=C8)(O)C9=CC=C(OCC(CCCC)CC)C=C9)C=C(C(C)(C)C)C=C7,-5.3,-2.5,18.37,1.01,0.61,11.45,16.32,0.89,0.5,7.28,10.1002.chem.201706104
CC(C)(C)C1=CC2=C(N(C3=C4C=CC=C3C(C5=CC=C(OCC(CCCC)CC)C=C5)2C6=CC=C(OCC(CCCC)CC)C=C6)C7=C8C=C(C(C)(C)C)C=C7C4(C9=CC=C(OCC(CCCC)CC)C=C9)C%10=CC=C(OCC(CCCC)CC)C=C%10)C(C(C%11=CC=C(OCC(CCCC)CC)C=C%11)8C%12=CC=C(OCC(CCCC)CC)C=C%12)=C1,-5.2,-2.6,17.1,0.95,0.57,9.35,16.32,0.89,0.5,7.28,10.1002.chem.201706104
COC(C=C1)=CC=C1/C(C2=CC=C(OC)C=C2)=C/N(C3=CC=C(/C=C(C4=CC=C(OC)C=C4)/C5=CC=C(OC)C=C5)C=C3)/C=C(C6=CC=C(OC)C=C6)/C7=CC=C(OC)C=C7,-,-,22.5,1.11,0.81,20.2,22.6,1.12,0.8,20.2,10.1002.adma.201803735
COC(C=C1)=CC=C1/C(C2=CC=C(OC)C=C2)=C/N(C3=CC=C(OC)C=C3)/C=C(C4=CC=C(OC)C=C4)/C5=CC=C(OC)C=C5,-,-,22.1,1.07,0.79,18.7,22.6,1.12,0.8,20.2,10.1002.adma.201803735
COC(C=C1)=CC=C1/C(C2=CC=C(OC)C=C2)=C/N(C3=CC(C)=C(/C=C(C4=CC=C(OC)C=C4)/C5=CC=C(OC)C=C5)C(C)=C3)/C=C(C6=CC=C(OC)C=C6)/C7=CC=C(OC)C=C7,-,-,22.7,1.13,0.68,17.6,22.6,1.12,0.8,20.2,10.1002.adma.201803735
COC(C=C1)=CC=C1N(C2=CC=C(OC)C=C2)C3=C(OCCO4)C4=C(C5=CC=C(C67C8=CC(C(S9)=C%10C(OCCO%10)=C9N(C%11=CC=C(OC)C=C%11)C%12=CC=C(OC)C=C%12)=CC=C8C6%13C(C7=C%14)=CC=C%14C(S%15)=C%16C(OCCO%16)=C%15N(C%17=CC=C(OC)C=C%17)C%18=CC=C(OC)C=C%18)C%13=C5)S3,-5.08,-,21.96,1.07,0.81,18.6,21.9,1.12,0.79,19.5,10.1002.solr.201700175
COC(C=C1)=CC=C1N(C2=CC=C(OC)C=C2)C(C=C3)=CC=C3C4=CC5=C(S4)C(C6=C7C8=C(C=C(C9=CC=C(N(C%10=CC=C(OC)C=C%10)C%11=CC=C(OC)C=C%11)C=C9)S8)C%12=C6SC(C%13=CC=C(N(C%14=CC=C(OC)C=C%14)C%15=CC=C(OC)C=C%15)C=C%13)=C%12)=C(S7)C%16=C5C=C(C%17=CC=C(N(C%18=CC=C(OC)C=C%18)C%19=CC=C(OC)C=C%19)C=C%17)S%16,-5.32,-,22.23,1.09,0.74,18.08,22.6,1.08,0.73,17.96,10.1021.acs.chemmater.8b04003
COC(C=C1)=CC=C1N(C2=CC=C(OC)C=C2)C(C=C3)=CC=C3C4=CC5=C(S4)C(C(S6)=C(C7=C6C(SC(C8=CC=C(N(C9=CC=C(OC)C=C9)C%10=CC=C(OC)C=C%10)C=C8)=C%11)=C%11C%12=C7SC(C%13=CC=C(N(C%14=CC=C(OC)C=C%14)C%15=CC=C(OC)C=C%15)C=C%13)=C%12)S%16)=C%16C%17=C5C=C(C%18=CC=C(N(C%19=CC=C(OC)C=C%19)C%20=CC=C(OC)C=C%20)C=C%18)S%17,-5.37,-,19.51,1.03,0.67,13.37,22.6,1.08,0.73,17.96,10.1021.acs.chemmater.8b04003
COC(C=C1)=CC=C1N(C2=CC=C(OC)C=C2)C(C=C3)=CC=C3C4=C(C5=CC=C(N(C6=CC=C(OC)C=C6)C7=CC=C(OC)C=C7)C=C5)C8=C(C=C9C(SC(C%10=CC=C(N(C%11=CC=C(OC)C=C%11)C%12=CC=C(OC)C=C%12)C=C%10)=C9C%13=CC=C(N(C%14=CC=C(OC)C=C%14)C%15=CC=C(OC)C=C%15)C=C%13)=C8)S4,-5.36,-2.63,23,1.07,0.74,18.1,22.3,1.1,0.73,17.7,10.1039.C7TA11314E
COC(C=C1)=CC=C1N(C2=CC=C(OC)C=C2)C(C=C3)=CC=C3C4=C(C5=CC=C(N(C6=CC=C(OC)C=C6)C7=CC=C(OC)C=C7)C=C5)C(C8=C(N9C%10=CC=C(OC)C=C%10)SC(C%11=CC=C(N(C%12=CC=C(OC)C=C%12)C%13=CC=C(OC)C=C%13)C=C%11)=C8C%14=CC=C(N(C%15=CC=C(OC)C=C%15)C%16=CC=C(OC)C=C%16)C=C%14)=C9S4,-4.98,-2.22,22.2,1.07,0.66,15.6,22.3,1.1,0.73,17.7,10.1039.C7TA11314E
COC(C=C1)=CC=C1N(C2=CC=C(OC)C=C2)C(C=C3)=CC=C3C4=CC5=C(C6=C(N5C7=CC=C(OC)C=C7)C=C(C8=CC=C(N(C9=CC=C(OC)C=C9)C%10=CC=C(OC)C=C%10)C=C8)S6)S4,-4.97,-2.32,23.28,1.11,0.7,18.16,22.92,1.12,0.71,18.27,10.1039.C8TA01773E
COC(C=C1)=CC=C1N(C2=CC=C(OC)C=C2)C(C=C3)=CC=C3C4=CC5=C(C6=C(N5C7=CC=C(N(C8=CC=C(OC)C=C8)C9=CC=C(OC)C=C9)C=C7)C=C(C%10=CC=C(N(C%11=CC=C(OC)C=C%11)C%12=CC=C(OC)C=C%12)C=C%10)S6)S4,-4.96,-2.31,22.38,1.09,0.63,15.29,22.93,1.12,0.71,18.28,10.1039.C8TA01773E
COC1=CC=C(N(C2=CC3=C(N(C4=CC(N(C5=C6C=C(N(C7=CC=C(OC)C=C7)C8=CC=C(OC)C=C8)C=C5)C9=C6C=C(N(C%10=CC=C(OC)C=C%10)C%11=CC=C(OC)C=C%11)C=C9)=C%12C=CC%13=C(N(C%14=C%15C=C(N(C%16=CC=C(OC)C=C%16)C%17=CC=C(OC)C=C%17)C=C%14)C%18=C%15C=C(N(C%19=CC=C(OC)C=C%19)C%20=CC=C(OC)C=C%20)C=C%18)C=C(N(C%21=C%22C=C(N(C%23=CC=C(OC)C=C%23)C%24=CC=C(OC)C=C%24)C=C%21)C%25=C%22C=C(N(C%26=CC=C(OC)C=C%26)C%27=CC=C(OC)C=C%27)C=C%25)C%28=CC=C4C%12=C%13%28)C%29=C3C=C(N(C%30=CC=C(OC)C=C%30)C%31=CC=C(OC)C=C%31)C=C%29)C=C2)C%32=CC=C(OC)C=C%32)C=C1,-4.93,-3.05,22.68,0.97,0.79,17.19,23.11,1.09,0.78,19.59,10.1039.C7CC08985F
COC1=CC=C(N(C2=CC3=C(N(C4=CC=C5C=CC6=C(N(C7=C8C=C(N(C9=CC=C(OC)C=C9)C%10=CC=C(OC)C=C%10)C=C7)C%11=C8C=C(N(C%12=CC=C(OC)C=C%12)C%13=CC=C(OC)C=C%13)C=C%11)C=CC%14=CC=C4C5=C6%14)C%15=C3C=C(N(C%16=CC=C(OC)C=C%16)C%17=CC=C(OC)C=C%17)C=C%15)C=C2)C%18=CC=C(OC)C=C%18)C=C1,-4.88,-2.62,23.24,1.04,0.76,18.23,23.11,1.09,0.78,19.59,10.1039.C7CC08985F
COC1=CC=C(N(C2=CC3=C(N(CC4=CC5=C(C(CN(C6=C7C=C(N(C8=CC=C(OC)C=C8)C9=CC=C(OC)C=C9)C=C6)C%10=C7C=C(N(C%11=CC=C(OC)C=C%11)C%12=CC=C(OC)C=C%12)C=C%10)=C4)C(C=CC(CN(C%13=C%14C=C(N(C%15=CC=C(OC)C=C%15)C%16=CC=C(OC)C=C%16)C=C%13)C%17=C%14C=C(N(C%18=CC=C(OC)C=C%18)C%19=CC=C(OC)C=C%19)C=C%17)=C%20)=C%20C5(C)C)C%21=C3C=C(N(C%22=CC=C(OC)C=C%22)C%23=CC=C(OC)C=C%23)C=C%21)C=C2)C%24=CC=C(OC)C=C%24)C=C1,-,-,22,1.05,0.8,18.3,22.4,1.08,0.78,18.9,10.1002.advs.201700811
COC1=CC=C(N(C2=CC3=C(N(CC4=CC5=C(C=C4)C(C=CC(CN(C6=C7C=C(N(C8=CC=C(OC)C=C8)C9=CC=C(OC)C=C9)C=C6)C%10=C7C=C(N(C%11=CC=C(OC)C=C%11)C%12=CC=C(OC)C=C%12)C=C%10)=C%13)=C%13C5(CC)CC)C%14=C3C=C(N(C%15=CC=C(OC)C=C%15)C%16=CC=C(OC)C=C%16)C=C%14)C=C2)C%17=CC=C(OC)C=C%17)C=C1,-,-,21.6,0.96,0.8,16.7,22.4,1.08,0.78,18.9,10.1002.advs.201700811
CCCCOC1=CC=C(N(C2=CC3=C(C4(C5=CC6=C(C(C7=C8C=C(N(C9=CC=C(OCCCC)C=C9)C%10=CC=C(OCCCC)C=C%10)C=C7)(C%11=C6C=CC=C%11)C%12=C8C=C(N(C%13=CC=C(OCCCC)C=C%13)C%14=CC=C(OCCCC)C=C%14)C=C%12)C=C5C%15=C4C=CC=C%15)C%16=C3C=C(N(C%17=CC=C(OCCCC)C=C%17)C%18=CC=C(OCCCC)C=C%18)C=C%16)C=C2)C%19=CC=C(OCCCC)C=C%19)C=C1,-5.16,-2.23,22.79,1.08,0.75,18.46,22.42,1.08,0.75,17.89,10.1002.solr.201800048
COC1=CC=C(N(C2=CC3=C(N(CC(CC)CCCC)C4=C3C=C(N(C5=CC=C(OC)C=C5)C6=CC=C(OC)C=C6)C=C4)C=C2)C7=CC=C(OC)C=C7)C=C1,-,-,21.71,1.09,0.78,18.5,21.24,1.12,0.75,17.58,10.1038.s41560-017-0067-y
COC1=CC=C(N(C2=CC=C(C3=CC=C(C4=C(C(S5)=CC=C5C6=CC=C(N(C7=CC=C(OC)C=C7)C8=CC=C(OC)C=C8)C=C6)C=C(OC)C(OC)=C4)S3)C=C2)C9=CC=C(OC)C=C9)C=C1,-5.23,-1.39,16.53,1.06,0.63,11.03,22.21,1.09,0.73,18.05,10.1039.C8TA02071J
COC1=CC=C(N(C2=CC=C(C3=CC(C4=C5SC(C6=CC=C(N(C7=CC=C(OC)C=C7)C8=CC=C(OC)C=C8)C=C6)=C4)=C(C9=C5C=C(OC)C(OC)=C9)S3)C=C2)C%10=CC=C(OC)C=C%10)C=C1,-5.32,-1.42,23.47,1.11,0.7,18.78,22.21,1.09,0.73,18.05,10.1039.C8TA02071J
COC1=CC=C(N(C2=CC=C(C3=CC4=C(N3C5=CC=CC=C5)C6=C(N(C7=CC=CC=C7)C(C8=CC=C(N(C9=CC=C(OC)C=C9)C%10=CC=C(OC)C=C%10)C=C8)=C6)C%11=C4N(C%12=CC=CC=C%12)C(C%13=CC=C(N(C%14=CC=C(OC)C=C%14)C%15=CC=C(OC)C=C%15)C=C%13)=C%11)C=C2)C%16=CC=C(OC)C=C%16)C=C1,-5.05,-1.94,20.34,1.07,0.71,15.5,23.23,1.04,0.74,18,10.1002.adfm.201801734
COC1=CC=C(N(C2=CC=C(C3=CC4=C(O3)C5=C(OC(C6=CC=C(N(C7=CC=C(OC)C=C7)C8=CC=C(OC)C=C8)C=C6)=C5)C9=C4OC(C%10=CC=C(N(C%11=CC=C(OC)C=C%11)C%12=CC=C(OC)C=C%12)C=C%10)=C9)C=C2)C%13=CC=C(OC)C=C%13)C=C1,-5.38,-2.36,21.31,1.11,0.77,18.2,23.23,1.04,0.74,18,10.1002.adfm.201801734
COC1=CC=C(N(C2=CC=C(C3=CC4=C([Se]3)C5=C([Se]C(C6=CC=C(N(C7=CC=C(OC)C=C7)C8=CC=C(OC)C=C8)C=C6)=C5)C9=C4[Se]C(C%10=CC=C(N(C%11=CC=C(OC)C=C%11)C%12=CC=C(OC)C=C%12)C=C%10)=C9)C=C2)C%13=CC=C(OC)C=C%13)C=C1,-5.37,-2.54,21.88,1.07,0.8,18.5,23.23,1.04,0.74,18,10.1002.adfm.201801734
COC1=CC=C(N(C2=CC=C(C3=CC4=C(S3)C5=C(SC(C6=CC=C(N(C7=CC=C(OC)C=C7)C8=CC=C(OC)C=C8)C=C6)=C5)C9=C4SC(C%10=CC=C(N(C%11=CC=C(OC)C=C%11)C%12=CC=C(OC)C=C%12)C=C%10)=C9)C=C2)C%13=CC=C(OC)C=C%13)C=C1,-5.37,-2.48,22.02,1.08,0.74,18,23.23,1.04,0.74,18,10.1002.adfm.201801734
COC1=CC=C(N(C2=CC(C3=C4C=CC(N(C5=CC=C(OC)C=C5)C6=CC=C(OC)C=C6)=C3)=C(N4CC(C=CC=C7)=C7CN(C8=C9C=C(N(C%10=CC=C(OC)C=C%10)C%11=CC=C(OC)C=C%11)C=C8)C%12=C9C=C(N(C%13=CC=C(OC)C=C%13)C%14=CC=C(OC)C=C%14)C=C%12)C=C2)C%15=CC=C(OC)C=C%15)C=C1,,,22.09,1.11,0.76,18.45,22.25,1.11,0.77,18.79,10.1002.adfm.201704351
COC1=CC=C(N(C2=CC(C3=C4C=CC(N(C5=CC=C(OC)C=C5)C6=CC=C(OC)C=C6)=C3)=C(N4CC7=CC=CC(CN(C8=C9C=C(N(C%10=CC=C(OC)C=C%10)C%11=CC=C(OC)C=C%11)C=C8)C%12=C9C=C(N(C%13=CC=C(OC)C=C%13)C%14=CC=C(OC)C=C%14)C=C%12)=C7)C=C2)C%15=CC=C(OC)C=C%15)C=C1,,,22.43,1.1,0.76,18.92,22.25,1.11,0.77,18.79,10.1002.adfm.201704351
COC1=CC=C(N(C2=CC(C3=C4C=CC(N(C5=CC=C(OC)C=C5)C6=CC=C(OC)C=C6)=C3)=C(N4CC7=CC=C(CN(C8=C9C=C(N(C%10=CC=C(OC)C=C%10)C%11=CC=C(OC)C=C%11)C=C8)C%12=C9C=C(N(C%13=CC=C(OC)C=C%13)C%14=CC=C(OC)C=C%14)C=C%12)C=C7)C=C2)C%15=CC=C(OC)C=C%15)C=C1,,,22.4,1.1,0.74,18.86,22.25,1.11,0.77,18.79,10.1002.adfm.201704351
CC1=CC=C(N(C2=CC(C3=C4C=CC(N(C5=CC=C(C)C=C5)C6=CC=C(C)C=C6)=C3)=C(N4CC(C=CC=C7)=C7CN(C8=C9C=C(N(C%10=CC=C(C)C=C%10)C%11=CC=C(C)C=C%11)C=C8)C%12=C9C=C(N(C%13=CC=C(C)C=C%13)C%14=CC=C(C)C=C%14)C=C%12)C=C2)C%15=CC=C(C)C=C%15)C=C1,,,21.02,1.08,0.72,16.3,22.25,1.11,0.77,18.79,10.1002.adfm.201704351
CC1=CC=C(N(C2=CC(C3=C4C=CC(N(C5=CC=C(C)C=C5)C6=CC=C(C)C=C6)=C3)=C(N4CC7=CC=CC(CN(C8=C9C=C(N(C%10=CC=C(C)C=C%10)C%11=CC=C(C)C=C%11)C=C8)C%12=C9C=C(N(C%13=CC=C(C)C=C%13)C%14=CC=C(C)C=C%14)C=C%12)=C7)C=C2)C%15=CC=C(C)C=C%15)C=C1,,,21.83,1.04,0.73,16.54,22.25,1.11,0.77,18.79,10.1002.adfm.201704351
CC1=CC=C(N(C2=CC(C3=C4C=CC(N(C5=CC=C(C)C=C5)C6=CC=C(C)C=C6)=C3)=C(N4CC7=CC=C(CN(C8=C9C=C(N(C%10=CC=C(C)C=C%10)C%11=CC=C(C)C=C%11)C=C8)C%12=C9C=C(N(C%13=CC=C(C)C=C%13)C%14=CC=C(C)C=C%14)C=C%12)C=C7)C=C2)C%15=CC=C(C)C=C%15)C=C1,,,21.31,1.04,0.74,16.35,22.25,1.11,0.77,18.79,10.1002.adfm.201704351
CCN(C1=C2C=C(N(C3=CC=C(OC)C=C3)C4=CC=C(OC)C=C4)C=C1)C5=C2C=C(N(C6=CC=C(OC)C=C6)C7=CC=C(OC)C=C7)C=C5,,,12.58,0.95,0.42,5.02,22.25,1.11,0.77,18.79,10.1002.adfm.201704351
COC1=CC=C(N(C2=CC(C3=C(N4CC5=CC(CN(C6=C7C=C(N(C8=CC=C(OC)C=C8)C9=CC=C(OC)C=C9)C=C6)C%10=C7C=C(N(C%11=CC=C(OC)C=C%11)C%12=CC=C(OC)C=C%12)C=C%10)=CC(CN(C%13=C%14C=C(N(C%15=CC=C(OC)C=C%15)C%16=CC=C(OC)C=C%16)C=C%13)C%17=C%14C=C(N(C%18=CC=C(OC)C=C%18)C%19=CC=C(OC)C=C%19)C=C%17)=C5)C=CC(N(C%20=CC=C(OC)C=C%20)C%21=CC=C(OC)C=C%21)=C3)=C4C=C2)C%22=CC=C(OC)C=C%22)C=C1,,,22.1,1.05,0.72,16.84,22.25,1.11,0.77,18.79,10.1002.adfm.201704351
COC1=CC=C(N(C2=CC(C3=C(N4CC5=C(CN(C6=C7C=C(N(C8=CC=C(OC)C=C8)C9=CC=C(OC)C=C9)C=C6)C%10=C7C=C(N(C%11=CC=C(OC)C=C%11)C%12=CC=C(OC)C=C%12)C=C%10)C=C(CN(C%13=C%14C=C(N(C%15=CC=C(OC)C=C%15)C%16=CC=C(OC)C=C%16)C=C%13)C%17=C%14C=C(N(C%18=CC=C(OC)C=C%18)C%19=CC=C(OC)C=C%19)C=C%17)C(CN(C%20=C%21C=C(N(C%22=CC=C(OC)C=C%22)C%23=CC=C(OC)C=C%23)C=C%20)C%24=C%21C=C(N(C%25=CC=C(OC)C=C%25)C%26=CC=C(OC)C=C%26)C=C%24)=C5)C=CC(N(C%27=CC=C(OC)C=C%27)C%28=CC=C(OC)C=C%28)=C3)=C4C=C2)C%29=CC=C(OC)C=C%29)C=C1,,,22.12,1.04,0.73,16.78,22.25,1.11,0.77,18.79,10.1002.adfm.201704351
COC1=CC=C(N(C2=CC(C3=C(N4CC5=CC=CC=C5CN(C6=C7C=C(N(C8=CC=C(OC)C=C8)C9=CC=C(OC)C=C9)C=C6)C%10=C7C=C(N(C%11=CC=C(OC)C=C%11)C%12=CC=C(OC)C=C%12)C=C%10)C=CC(N(C%13=CC=C(OC)C=C%13)C%14=CC=C(OC)C=C%14)=C3)=C4C=C2)C%15=CC=C(OC)C=C%15)C=C1,,,22.86,1.07,0.73,17.02,22.25,1.11,0.77,18.79,10.1002.adfm.201704351
COC1=CC=C(N(C2=CC=C(C3=CC(C(S4)=CC=C4N(C5=CC=C(OC)C=C5)C6=CC=C(OC)C=C6)=C(C(S7)=CC=C7N(C8=CC=C(OC)C=C8)C9=CC=C(OC)C=C9)(C)C(C(S%10)=CC=C%10N(C%11=CC=C(OC)C=C%11)C%12=CC=C(OC)C=C%12)=C3)S2)C%13=CC=C(OC)C=C%13)C=C1,-5.48,-2.89,4.11,0.84,0.62,2.13,22.59,1.1,0.76,18.77,10.1002.aenm.201800681
COC1=CC=C(N(C(C=C2)=CC=C2C3=CC=C(C4=C(C5=CC=C(C6=CC=C(N(C7=CC=C(OC)C=C7)C8=CC=C(OC)C=C8)C=C6)S5)C=C(C9=CC=C(C%10=CC=C(N(C%11=CC=C(OC)C=C%11)C%12=CC=C(OC)C=C%12)C=C%10)S9)C(C%13=CC=C(C%14=CC=C(N(C%15=CC=C(OC)C=C%15)C%16=CC=C(OC)C=C%16)C=C%14)S%13)=C4)S3)C%17=CC=C(OC)C=C%17)C=C1,-5.32,-2.68,8.67,0.97,0.73,6.12,22.59,1.1,0.76,18.77,10.1002.aenm.201800681
COC1=CC=C(N(C2=CC=C(C3=CC=C(C(S4)=CC=C4C5=C(C6=CC=C(C7=CC=C(C8=CC=C(N(C9=CC=C(OC)C=C9)C%10=CC=C(OC)C=C%10)C=C8)S7)S6)C=C(C%11=CC=C(C%12=CC=C(C%13=CC=C(N(C%14=CC=C(OC)C=C%14)C%15=CC=C(OC)C=C%15)C=C%13)S%12)S%11)C(C%16=CC=C(C%17=CC=C(C%18=CC=C(N(C%19=CC=C(OC)C=C%19)C%20=CC=C(OC)C=C%20)C=C%18)S%17)S%16)=C5)S3)C=C2)C%21=CC=C(OC)C=C%21)C=C1,-5.2,-2.7,10.92,0.98,0.66,7.03,22.59,1.1,0.76,18.77,10.1002.aenm.201800681
COC1=CC=C(N(C(S2)=CC3=C2C4=C(C5=C3C=C(N(C6=CC=C(OC)C=C6)C7=CC=C(OC)C=C7)S5)C=C8C(C9=C(C%10=C8SC(N(C%11=CC=C(OC)C=C%11)C%12=CC=C(OC)C=C%12)=C%10)C=C(N(C%13=CC=C(OC)C=C%13)C%14=CC=C(OC)C=C%14)S9)=C4)C%15=CC=C(OC)C=C%15)C=C1,-5.27,-2.81,20.16,1.03,0.8,16.54,22.59,1.1,0.76,18.77,10.1002.aenm.201800681
COC1=CC=C(N(C2=CC=C(C(S3)=CC4=C3C5=C(C6=C4C=C(C7=CC=C(N(C8=CC=C(OC)C=C8)C9=CC=C(OC)C=C9)C=C7)S6)C=C%10C(C%11=C(C%12=C%10SC(C%13=CC=C(N(C%14=CC=C(OC)C=C%14)C%15=CC=C(OC)C=C%15)C=C%13)=C%12)C=C(C%16=CC=C(N(C%17=CC=C(OC)C=C%17)C%18=CC=C(OC)C=C%18)C=C%16)S%11)=C5)C=C2)C%19=CC=C(OC)C=C%19)C=C1,-5.23,-2.68,21.21,0.75,0.61,9.69,22.59,1.1,0.76,18.77,10.1002.aenm.201800681
COC1=CC=C(N(C2=CC=C(C3=CC=C(C(S4)=CC5=C4C6=C(C7=C5C=C(C8=CC=C(C9=CC=C(N(C%10=CC=C(OC)C=C%10)C%11=CC=C(OC)C=C%11)C=C9)S8)S7)C=C%12C(C%13=C(C%14=C%12SC(C%15=CC=C(C%16=CC=C(N(C%17=CC=C(OC)C=C%17)C%18=CC=C(OC)C=C%18)C=C%16)S%15)=C%14)C=C(C%19=CC=C(C%20=CC=C(N(C%21=CC=C(OC)C=C%21)C%22=CC=C(OC)C=C%22)C=C%20)S%19)S%13)=C6)S3)C=C2)C%23=CC=C(OC)C=C%23)C=C1,-5.2,-2.76,22.18,0.99,0.73,18.76,22.59,1.1,0.76,18.77,10.1002.aenm.201800681
CC1=CC=C(N(C2=CC=C(/C=C/C3=CC=C(N(C4=CC=C(C)C=C4)C(C=CC(/C=C/C(C=C5)=CC=C5N(C6=CC=C(C)C=C6)C7=CC=C(C)C=C7)=C8)=C8S9)C9=C3)C=C2)C%10=CC=C(C)C=C%10)C=C1,-5.39,-2.83,23.01,1.12,0.69,17.77,23.76,1.11,0.74,19.66,10.1021.acsenergylett.8b00395
CC(C=C1)=CC=C1N2C3=CC=C(/C=C/C(C=C4)=CC5=C4N(CC)C6=C5C=CC=C6)C=C3SC7=C2C=CC(/C=C/C8=CC=C9N(CC)C%10=CC=CC=C%10C9=C8)=C7,-5.44,-2.82,22.35,1.09,0.6,14.65,23.76,1.11,0.74,19.66,10.1021.acsenergylett.8b00395
CC(C=C1)=CC=C1N2C3=CC=C(/C=C/C(C=C4)=CC=C4N(C5=CC=C(OC)C=C5)C6=CC=C(OC)C=C6)C=C3SC7=C2C=CC(/C=C/C(C=C8)=CC=C8N(C9=CC=C(OC)C=C9)C%10=CC=C(OC)C=C%10)=C7,-5.27,-2.73,23.53,1.11,0.73,19.17,23.76,1.11,0.74,19.66,10.1021.acsenergylett.8b00395
COC1=CC=C(N(C2=CC=C(C3=C(C4=C56)C=CC6=C(C(C=C7)=CC=C7N(C8=CC=C(OC)C=C8)C9=CC=C(OC)C=C9)C=C(C(C=C%10)=CC=C%10N(C%11=CC=C(OC)C=C%11)C%12=CC=C(OC)C=C%12)C5=CC=C4C(C(C=C%13)=CC=C%13N(C%14=CC=C(OC)C=C%14)C%15=CC=C(OC)C=C%15)=C3)C=C2)C%16=CC=C(OC)C=C%16)C=C1,-5.4,-2.67,22.82,1.11,0.76,19.28,22.5,1.1,0.75,18.57,10.1021.acsomega.8b01817
COC1=CC=C(N(C2=CC=C(C3=CC(C4=CC(C(C=C5)=CC=C5N(C6=CC=C(OC)C=C6)C7=CC=C(OC)C=C7)=CC(C(C=C8)=CC=C8N(C9=CC=C(OC)C=C9)C%10=CC=C(OC)C=C%10)=C4)=CC(C(C=C%11)=CC=C%11N(C%12=CC=C(OC)C=C%12)C%13=CC=C(OC)C=C%13)=C3)C=C2)C%14=CC=C(OC)C=C%14)C=C1,-5.3,-2.2,21.93,0.98,0.7,15.06,22.5,1.1,0.75,18.57,10.1021.acsomega.8b01817
COC1=CC=C(N(C2=CC(C3=CC(N(C4=CC=C(OC)C=C4)C5=CC=C(OC)C=C5)=CC(C6(C7=CC(N(C8=CC=C(OC)C=C8)C9=CC=C(OC)C=C9)=CC=C7N%10C(C=C%11)=C%12C=C%11N(C%13=CC=C(OC)C=C%13)C%14=CC=C(OC)C=C%14)C%15=C%10C%12=CC(N(C%16=CC=C(OC)C=C%16)C%17=CC=C(OC)C=C%17)=C%15)=C3N%18C(C6=C%19)=CC=C%19N(C%20=CC=C(OC)C=C%20)C%21=CC=C(OC)C=C%21)=C%18C=C2)C%22=CC=C(OC)C=C%22)C=C1,-5.17,-2.45,24.4,1.11,0.74,20.1,23.39,1.1,0.74,19.11,10.1002.adfm.201807094
COC1=CC=C(N(C2=CC=C(N(C(C=C3)=C(C45C6=C(C(C5=C7)=CC=C7N(C8=CC=C(OC)C=C8)C9=CC=C(OC)C=C9)C=CC(N(C%10=CC=C(OC)C=C%10)C%11=CC=C(OC)C=C%11)=C6)C=C3N(C%12=CC=C(OC)C=C%12)C%13=CC=C(OC)C=C%13)C(C4=C%14)=CC=C%14N(C%15=CC=C(OC)C=C%15)C%16=CC=C(OC)C=C%16)C=C2)C%17=CC=C(OC)C=C%17)C=C1,-5.33,-2.22,20.41,1.07,0.63,13.93,23.39,1.1,0.74,19.11,10.1002.adfm.201807094
COC1=CC=C(N(C2=CC=C(OC)C=C2)C3=CC=C(NC(C(S4)=C5C(OCCO5)=C4C(NC6=CC=C(N(C7=CC=C(OC)C=C7)C8=CC=C(OC)C=C8)C=C6)=O)=O)C=C3)C=C1,-5.23,-2.5,22.7,1.16,0.77,20.3,22.5,1.15,0.76,19.7,10.1002.aenm.201801605
COC1=CC=C(N(C2=CC=C(OC)C=C2)C3=CC=C(C4=CC=C(C5=CC(C(S6)=CC=C6C7=CC=C(N(C8=CC=C(OC)C=C8)C9=CC=C(OC)C=C9)C=C7)=C%10C=CC%11=C(C(S%12)=CC=C%12C%13=CC=C(N(C%14=CC=C(OC)C=C%14)C%15=CC=C(OC)C=C%15)C=C%13)C=C(C(S%16)=CC=C%16C%17=CC=C(N(C%18=CC=C(OC)C=C%18)C%19=CC=C(OC)C=C%19)C=C%17)C%20=CC=C5C%10=C%20%11)S4)C=C3)C=C1,-5.4,-3.1,23.3,1.1,0.81,20.6,22.9,1.03,0.78,18.4,10.1002.anie.201806392
COC1=CC=C(N(C2=CC(N(C3=CC=C(OC)C=C3)C4=CC=C(OC)C=C4)=C5C=CC6=C(N(C7=CC=C(OC)C=C7)C8=CC=C(OC)C=C8)C=C(N(C9=CC=C(OC)C=C9)C%10=CC=C(OC)C=C%10)C%11=CC=C2C5=C%116)C%12=CC=C(OC)C=C%12)C=C1,-,-,21.2,0.79,0.56,9.3,22.9,1.03,0.78,18.4,10.1002.anie.201806392
CO(C)C1=CC(N(C2=CC(S3)=C(C=C2)C4=C3C5=C(N4CCCCCC)C6=CC=C(N(C7=CC(OC)=CC=C7)C8=CC=CC(OC)=C8)C=C6S5)C9=CC(OC)=CC=C9)=CC=C1,-5.31,-2.44,21.13,1.12,0.76,18.09,20.83,1.12,0.75,17.82,10.1016.j.nanoen.2017.12.002
COC1=CC=C(N(C2=CC=C(C3=CC(S4)=C(C=C3)C5=C4C6=C(N5CCCCCC)C7=CC=C(C(C=C8)=CC=C8N(C9=CC=C(OC)C=C9)C%10=CC=C(OC)C=C%10)C=C7S6)C=C2)C%11=CC=C(OC)C=C%11)C=C1,-5.2,-2.47,20.1,1.09,0.72,15.63,20.83,1.12,0.75,17.82,10.1016.j.nanoen.2017.12.002
COC1=CC=C(N(C2=CC(S3)=C(C=C2)C4=C3C5=C(N4CCCCCC)C6=CC=C(N(C7=CC=C(OC)C=C7)C8=CC=C(OC)C=C8)C=C6S5)C9=CC=C(OC)C=C9)C=C1,-5.05,-2.25,19.45,1.06,0.68,14.1,20.83,1.12,0.75,17.82,10.1016.j.nanoen.2017.12.002
COC1=CC=C(N(C2=CC=C(C3=CC=C(C(C=C4)=CC=C4C5=C(C6=CC=C(C7=CC=C(C(C=C8)=CC=C8N(C9=CC=C(OC)C=C9)C%10=CC=C(OC)C=C%10)C=C7)C=C6)C(C%11=CC=C(C%12=CC=C(C(C=C%13)=CC=C%13N(C%14=CC=C(OC)C=C%14)C%15=CC=C(OC)C=C%15)C=C%12)C=C%11)=C(C%16=CC=C(C%17=CC=C(C(C=C%18)=CC=C%18N(C%19=CC=C(OC)C=C%19)C%20=CC=C(OC)C=C%20)C=C%17)C=C%16)C(C%21=CC=C(C%22=CC=C(C(C=C%23)=CC=C%23N(C%24=CC=C(OC)C=C%24)C%25=CC=C(OC)C=C%25)C=C%22)C=C%21)=C5C%26=CC=C(C%27=CC=C(C(C=C%28)=CC=C%28N(C%29=CC=C(OC)C=C%29)C%30=CC=C(OC)C=C%30)C=C%27)C=C%26)C=C3)C=C2)C%31=CC=C(OC)C=C%31)C=C1,-5.3,-2.52,21.86,0.92,0.7,12.94,-,-,-,-,10.1021.acsami.8b15423
COC1=CC=C(N(C2=CC=C(C3=CC=C(C4=CC=C(S4)C5=C(C6=CC=C(S6)C7=CC=C(C(C=C8)=CC=C8N(C9=CC=C(OC)C=C9)C%10=CC=C(OC)C=C%10)C=C7)C(C%11=CC=C(S%11)C%12=CC=C(C(C=C%13)=CC=C%13N(C%14=CC=C(OC)C=C%14)C%15=CC=C(OC)C=C%15)C=C%12)=C(C%16=CC=C(S%16)C%17=CC=C(C(C=C%18)=CC=C%18N(C%19=CC=C(OC)C=C%19)C%20=CC=C(OC)C=C%20)C=C%17)C(C(S%21)=CC=C%21C%22=CC=C(C(C=C%23)=CC=C%23N(C%24=CC=C(OC)C=C%24)C%25=CC=C(OC)C=C%25)C=C%22)=C5C(S%26)=CC=C%26C%27=CC=C(C(C=C%28)=CC=C%28N(C%29=CC=C(OC)C=C%29)C%30=CC=C(OC)C=C%30)C=C%27)C=C3)C=C2)C%31=CC=C(OC)C=C%31)C=C1,-5.2,-2.1,22.79,1.03,0.74,17.29,-,-,-,-,10.1021.acsami.8b15423
CC(C)(C)C1=CC(C2=C3C(C4=CC(C(C)(C)C)=CC5=CC(C(C)(C)C)=CC6=C45)=C6S2)=C(C3=CC(C(C)(C)C)=C7)C7=C1,-5.34,-2.68,22.3,1.06,0.77,18.17,20.67,1.08,0.76,16.94,10.1002.aenm.201801248
CC(C)(C)C(C=C1C(C2=C3C=CC=C2)=C4C5=C3C6=CC(C(C)(C)C)=CC7=C6C5=CC(C(C)(C)C)=C7)=CC8=C1C4=CC(C(C)(C)C)=C8,-5.51,-3.18,15.8,0.64,0.42,4.25,20.67,1.08,0.76,16.94,10.1002.aenm.201801248
CCCCC(N1C2=C(C3=C1CC(C4=C(C)C=C(/C=C(C#N)/C#N)S4)S3)SCC2)CC,-5.32,-3.2,24.56,1.03,0.74,18.75,23.63,0.92,0.68,14.74,10.1016.j.solener.2018.09.002
CCCCC(N1C2=C(C3=C1CC(C4=NC=C(/C=C(C#N)/C#N)S4)S3)SCC2)CC,-5.41,-3.18,24.78,1.01,0.74,18.75,23.63,0.92,0.68,14.74,10.1016.j.solener.2018.09.002
COC(C=C1)CC=C1N(C2=CC=C(OC)C=C2)C(C=C3)=CC=C3C4=CC=C(C5=CC=C(N(C6=CC=C(OC)C=C6)C7=CC=C(OC)C=C7)C=C5)C8=C4NSN8,-5.35,-3.13,22.15,1.07,0.67,16.03,22.69,1.09,0.72,17.8,10.1021.acsami.8b04003
COC(C=C1)CC=C1N(C2=CC=C(OC)C=C2)C(C=C3)=CC=C3C(S4)C5=C(C4C6=CC=C(N(C7=CC=C(OC)C=C7)C8=CC=C(OC)C=C8)C=C6)N=C(C9=CC=C(OC)C=C9)C(C%10=CC=C(OC)C=C%10)=N5,-5.4,-3.57,23.15,1.11,0.75,19.27,22.69,1.09,0.72,17.8,10.1021.acsami.8b04003
COC(C=C1)CC=C1N(C2=CC=C(OC)C=C2)C(C=C3)=CC=C3C(S4)=CC=C4C5=CC=C(N(C6=CC=C(OC)C=C6)C7=CC=C(OC)C=C7)C=C5,-5.13,-2.38,19.1,0.47,0.36,0.02,-,-,-,-,10.1039.C8TA02960A
COC(C=C1)CC=C1N(C2=CC=C(OC)C=C2)C(C=C3)=CC=C3C(S4)=CC(COCC5=CC=C(C=C)C=C5)=C4C6=CC=C(N(C7=CC=C(OC)C=C7)C8=CC=C(OC)C=C8)C=C6,-5.15,-2.32,21.2,0.89,0.53,0.01,-,-,-,-,10.1039.C8TA02960A
CCCCCCCCCOC1=CC(C(C=C2)CC=C2N(C3=CC=CC=C3)C4=CC=CC=C4)=CC5=C1C6=C(C=C(C(C=C7)=CC=C7N(C8=CCCC=C8)C9=CC=CC=C9)C=C6)C5(C%10=CC=CC=C%10)C%11=CC=CC=C%11,-5.35,-,20.2,0.88,0.72,12.8,19.35,0.8,0.73,11.9,10.1016.j.nanoen.2018.01.005
CCCCCCCCCOC1=CC(C2=CC=C(N3C(C=CC=C4)=C4C5=C3C=CC=C5)C=C2)=CC6=C1C7=C(C=C(C8=CC=C(N9C(C=CC=C%10)=C%10C%11=C9C=CC=C%11)C=C8)C=C7)C6(C%12=CC=CC=C%12)C%13=CC=CC=C%13,-5.51,-,20.8,0.9,0.74,13.85,19.35,0.8,0.73,11.9,10.1016.j.nanoen.2018.01.005
C12=C(C=C(C(C=C3)=CC=C3N(C4=CCCC=C4)C5=CC=CC=C5)C=C2)C(C6=CC=CC=C6)(C7=CC=CC=C7)C8=C1C(OCCCCCCN9C%10=C(C=CC=C%10)C%11=C9C=CC=C%11)=CC(C(C=C%12)CC=C%12N(C%13=CC=CC=C%13)C%14=CC=CC=C%14)=C8,-5.38,-,20.71,0.87,0.69,12.43,19.35,0.8,0.73,11.9,10.1016.j.nanoen.2018.01.005
C12=C(C=C(C(C=C3)=CC=C3N(C4=C5CCC=C4)C6=C5C=CC=C6)C=C2)C(C7=CC=CC=C7)(C8=CC=CC=C8)C9=C1C(OCCCCCCN%10C%11=C(C=CC=C%11)C%12=C%10C=CC=C%12)=CC(C(C=C%13)CC=C%13N(C%14=C%15C=CC=C%14)C%16=C%15C=CC=C%16)=C9,-5.53,-,20.1,0.89,0.73,13.06,19.35,0.8,0.73,11.9,10.1016.j.nanoen.2018.01.005
COC1=CC=C(N(C2=CC3=C(N(C4=CC=C(C5=CC6=C(C(SC=C7)=C7N6C8=CC=C(OC)C=C8)S5)C=C4)C9=C3CC(N(C%10=CC=C(OC)C=C%10)C%11=CC=C(OC)C=C%11)C=C9)C=C2)C%12=CC=C(OC)C=C%12)C=C1,-5.01,-2.11,21.56,1.02,0.72,15.88,22.46,1.11,0.73,18.07,10.1021.acs.jpcc.8b09482
COC1=CC=C(N(C2=CC3=C(N(C4=CC=C(C5=CC6=C(C(SC=C7)=C7N6CCCCCC)S5)C=C4)C8=C3CC(N(C9=CC=C(OC)C=C9)C%10=CC=C(OC)C=C%10)C=C8)C=C2)C%11=CC=C(OC)C=C%11)C=C1,-5,-2.14,21.56,1.02,0.67,14.72,22.46,1.11,0.73,18.07,10.1021.acs.jpcc.8b09482
COC1=CC=C(N(C2=CC3=C(N(C4=CC=C(N5C(C=CC=C6)=C6SC7=C5C=CC=C7)C=C4)C8=C3CC(N(C9=CC=C(OC)C=C9)C%10=CC=C(OC)C=C%10)C=C8)C=C2)C%11=CC=C(OC)C=C%11)C=C1,-5.03,-1.9,21.97,1.01,0.67,14.86,22.46,1.11,0.73,18.07,10.1021.acs.jpcc.8b09482
COC1=CC=C(N(C2=CC3=C(N(C(C=C4)=CC5=C4NC(C(C6=CC=C(OC)C=C6)=CC=C7)=C7S5)C8=C3CC(N(C9=CC=C(OC)C=C9)C%10=CC=C(OC)C=C%10)C=C8)C=C2)C%11=CC=C(OC)C=C%11)C=C1,-5,-1.88,22.24,1.06,0.73,17.17,22.46,1.11,0.73,18.07,10.1021.acs.jpcc.8b09482
COC1=CC=C(N(C2=CC3=C(N(N(C4=C5CC(N(C6=CC=C(OC)C=C6)C7=CC=C(OC)C=C7)C=C4)C8=C5C=C(N(C9=CC=C(OC)C=C9)C%10=CC=C(OC)C=C%10)C=C8)C%11=C3CC(N(C%12=CC=C(OC)C=C%12)C%13=CC=C(OC)C=C%13)C=C%11)C=C2)C%14=CC=C(OC)C=C%14)C=C1,-5.11,-2.28,21.34,1.12,0.71,17,23.01,1.13,0.72,18.5,10.1002.aenm.201800538
COC1=CC=C(N(C2=CC(N(N(C3=C4CCC(N(C5=CC=C(OC)C=C5)C6=CC=C(OC)C=C6)=C3)C7=C4C=CC(N(C8=CC=C(OC)C=C8)C9=CC=C(OC)C=C9)=C7)C%10=C%11CCC(N(C%12=CC=C(OC)C=C%12)C%13=CC=C(OC)C=C%13)=C%10)=C%11C=C2)C%14=CC=C(OC)C=C%14)C=C1,-5.15,-2.25,22.38,1.1,0.73,17.6,23.01,1.13,0.72,18.5,10.1002.aenm.201800538
COC1=CC=C(N(C2=CC=C(C3=CC=C(C4=CC=C(N(C5=CC=C(OC)C=C5)C6=CC=C(OC)C=C6)C=C4)C7=C3N=C(C8=CC=CC=C8)C(C9=CC=CC=C9)=N7)C=C2)C%10=CC=C(OC)C=C%10)C=C1,-5.32,-2.94,21.02,1.09,0.6,14.23,22.58,1.09,0.76,18.54,10.1039.c8sc00731d
COC1=CC=C(N(C2=CC=C(C3=CC=C(C4=CC=C(N(C5=CC=C(OC)C=C5)C6=CC=C(OC)C=C6)C=C4)C7=C3N=C(C8=CC=C(C)S8)C(C9=CC=C(C)S9)=N7)C=C2)C%10=CC=C(OC)C=C%10)C=C1,-5.3,-2.98,22.09,1.11,0.77,19.62,22.58,1.09,0.76,18.54,10.1039.c8sc00731d
COC1=CC=C(N(C2=CC3=C(C(C(C4=C5C=C(N(C6=CC=C(OC)C=C6)C7=CC=C(OC)C=C7)C=C4C=C8)=C8C3=O)=C9C5=O)C(C=C9)=C2)C%10=CC=C(OC)C=C%10)C=C1,-5.46,-4.03,16.2,1,0.71,11.5,21,1.03,0.74,16,10.1039.c7tc05238c
CC1=CC=C(N(C2=CC3=C(C4=CC=C(N(C5=CC=C(C)C=C5)C6=CC=C(C)C=C6)C7=C4C3=CC=C7)C=C2)C8=CC=C(C)C=C8)C=C1,-4.94,-2.68,17.5,0.91,0.63,9.97,14.3,1.02,0.64,9.33,10.1039.c7sc05484j
COC1=CC=C(N(C2=CC3=C(C4=CC=C(N(C5=CC=C(OC)C=C5)C6=CC=C(OC)C=C6)C7=C4C3=CC=C7)C=C2)C8=CC=C(OC)C=C8)C=C1,-4.8,-2.59,19.5,0.85,0.63,10.45,14.3,1.02,0.64,9.33,10.1039.c7sc05484j
CC1=CC=C(N(C2=CC3=C(C4=CC=C(N(C5=CC=C(C)C=C5)C6=CC=C(C)C=C6)C7=C4C3=CC(C#N)=C7C#N)C=C2)C8=CC=C(C)C=C8)C=C1,-5.19,-3.46,20.4,1.08,0.74,16.34,14.3,1.02,0.64,9.33,10.1039.c7sc05484j
COC1=CC=C(N(C2=CC3=C(C4=CC=C(N(C5=CC=C(OC)C=C5)C6=CC=C(OC)C=C6)C7=C4C3=CC(C#N)=C7C#N)C=C2)C8=CC=C(OC)C=C8)C=C1,-5.02,-3.38,22.5,1.06,0.64,18.03,14.3,1.02,0.64,9.33,10.1039.c7sc05484j
CC.COC(C=C1)=CC=C1N(C2=CC=C(OC)C=C2)C(C=C3)=CC=C3C(C4)CC5=C4C6=C(C7=C5CC(C8=CC=C(N(C9=CC=C(OC)C=C9)C%10=CC=C(OC)C=C%10)C=C8)C7)C=CC=C6,-5.14,-,14.9,0.83,0.54,6.7,18.2,1.02,0.66,12.3,10.1039.c7qm00473g
COC(C=C1)=CC=C1N(C2=CC=C(OC)C=C2)C(C=C3)=CC=C3C4=CC5=C(C6=C(C7=C(C8=C6C=CC=C8)C=C(C9=CC=C(N(C%10=CC=C(OC)C=C%10)C%11=CC=C(OC)C=C%11)C=C9)S7)C%12=C5C=CC=C%12)S4,-5,-,17.3,0.75,0.44,5.7,18.2,1.02,0.66,12.3,10.1039.c7qm00473g
COC(C=C1)=CC=C1N(C2=CC=C(OC)C=C2)C3=CC=C(C4=CC=C(/C(C(C=C5)=CC=C5C6=CC=C(N(C7=CC=C(OC)C=C7)C8=CC=C(OC)C=C8)C=C6)=C(C(C=C9)=CC=C9C%10=CC=C(N(C%11=CC=C(OC)C=C%11)C%12=CC=C(OC)C=C%12)C=C%10)/C(C=C%13)=CC=C%13C%14=CC=C(N(C%15=CC=C(OC)C=C%15)C%16=CC=C(OC)C=C%16)C=C%14)C=C4)C=C3,-4.99,-,22.54,0.46,0.7,7.23,20.76,0.44,0.57,5.2,10.1021.jacs.7b10898
CCCCCCCCOC(C1=CC2C3=C(C=CC=C4CC5)C4=C5C=C3)=C6C7=C(C1=C(C2=CC=C8)C8=C9OCCCCCCCC)C9=CC(C%10=C(CC=C%11)C%12=C%11CCC=%12C=C%10)=C7CC=C6,-5.28,-2.76,18.7,1.03,0.67,13.1,21.09,1.04,0.77,16.8,10.1002.aenm.201703007
CCCCCCCCOC(C1=CC2C3=CC=C(N(C4=CC=C(OC)C=C4)C5=CC=C(OC)C=C5)C=C3)=C6C7=C(C1=C(C2=CC=C8)C8=C9OCCCCCCCC)C9=CC(C%10=CC=C(N(C%11=CC=C(OC)C=C%11)C%12=CC=C(OC)C=C%12)C=C%10)=C7CC=C6,-5.4,-2.93,21.07,1.03,0.8,17.5,21.09,1.04,0.77,16.8,10.1002.aenm.201703007
COC1=CC=C(N(C2=CC=C(C3CC4=C(OCC(CC)CCCC)C5=C(CC(C6=CC=C(N(C7=CC=C(OC)C=C7)C8=CC=C(OC)C=C8)C=C6)S5)C(OCC(CC)CCCC)=C4S3)C=C2)C9=CC=C(OC)C=C9)C=C1,-5.1,-2.36,12.5,0.98,0.68,8.4,12.5,0.98,0.68,8.4,10.1016.j.jpowsour.2018.08.070
COC1=CC=C(N(C2=CC(F)=C(C3CC4=C(OCC(CC)CCCC)C5=C(CC(C6=CC(F)=C(N(C7=CC=C(OC)C=C7)C8=CC=C(OC)C=C8)C=C6F)S5)C(OCC(CC)CCCC)=C4S3)C=C2F)C9=CC=C(OC)C=C9)C=C1,-5.18,-2.48,21.4,1,0.66,14.5,12.5,0.98,0.68,8.4,10.1016.j.jpowsour.2018.08.070
COC1=CC=C(N(C2=CC=C(C3=CC=C(N(C4=CC=C(OC)C=C4)C5=CC=C(OC)C=C5)C=C3C(C6=C7C8=C(C=CC=C8)C=C6)9C%10=C(O7)C(C=CC=C%11)=C%11C=C%10)C9=C2)C%12=CC=C(OC)C=C%12)C=C1,-5.11,-2.09,17.2,0.97,0.44,8,20.6,1.04,0.53,10.8,10.1039.C8CC04026E
COC1=CC=C(N(C2=CC=C(C3=CC=C(N(C4=CC=C(OC)C=C4)C5=CC=C(OC)C=C5)C=C3C(C6=C7C8=C(C=CC=C8)C(N(C9=CC=C(OC)C=C9)C%10=CC=C(OC)C=C%10)=C6)%11C%12=C(O7)C(C=CC=C%13)=C%13C(N(C%14=CC=C(OC)C=C%14)C%15=CC=C(OC)C=C%15)=C%12)C%11=C2)C%16=CC=C(OC)C=C%16)C=C1,-5.14,-2.22,21.9,1.01,0.7,15.9,20.6,1.04,0.53,10.8,10.1039.C8CC04026E
CC1=CC=C(N(C2=CC=C(C)C=C2)C3=CC=C(/C=C/C4=CC=C(N(C5=CC=C(C6=CC=C(N(C7=CC=C(/C=C/C8=CC=C(N(C9=CC=C(C)C=C9)C%10=CC=C(C)C=C%10)C=C8)C=C7)C%11=CC=C(C)C=C%11)C=C6)C=C5)C%12=CC=C(C)C=C%12)C=C4)C=C3)C=C1,-5.28,-2.49,19.06,0.97,0.71,13.23,22.32,0.99,0.75,16.61,10.1002.slct.201803002
COC1=CC=C(N(C2=CC=C(OC)C=C2)C3=CC=C(C4=CC5=C(S4)C6=C(CC(C7=CC=C(N(C8=CC=C(OC)C=C8)C9=CC=C(OC)C=C9)C=C7)=S6)C5)C=C3)C=C1,-5.32,-2.86,20.53,1.03,0.71,15.01,21.16,0.98,0.78,16.19,10.1039.c8se00119g
COC1=CC=C(N(C2=CC=C(OC)C=C2)C3=CC=C(C4=CC5=C(S4)C6=C(C=C(C7=CC=C(N(C8=CC=C(OC)C=C8)C9=CC=C(OC)C=C9)C=C7)S6)C5(CC(C)CCCC)CC(C)CCCC)C=C3)C=C1,-5.25,-2.81,19.55,1.02,0.78,15.51,21.16,0.98,0.78,16.19,10.1039.c8se00119g
COC1=CC=C(N(C2=CC=C(OC)C=C2)C3=CC=C(C4=CC=C(C5=C(OCCO6)C6=C(C7=CC=C(S7)C8=CC=C(N(C9=CC=C(OC)C=C9)C%10=CC=C(OC)C=C%10)C=C8)S5)S4)C=C3)C=C1,-5.25,-3.22,21.01,1.04,0.71,15.37,22.26,1.07,0.75,17.75,10.1039.C8CC06791K
CSC1=CC=C(N(C2=CC=C(SC)C=C2)C3=CC=C(C4=CC=C(C5=C(OCCO6)C6=C(C7=CC=C(S7)C8=CC=C(N(C9=CC=C(SC)C=C9)C%10=CC=C(SC)C=C%10)C=C8)S5)S4)C=C3)C=C1,-5.28,-3.34,15.72,1,0.45,7.08,22.26,1.07,0.75,17.75,10.1039.C8CC06791K
COC1=CC=C(N(C2=C3C=C(OC)C=C2)C4=CC=C(C5=CC=C(C6=C(OCCO7)C7=C(C8=CC=C(S8)C9=CC=C(N%10C%11=CC=C(OC)C=C%11C%12=C%10C=CC(OC)=C%12)C=C9)S6)S5)C=C4)C3=C1,-5.33,-3.22,21.4,0.99,0.68,14.44,22.26,1.07,0.75,17.75,10.1039.C8CC06791K
COC1=C(OC)C=C(N2C3=CC=C(C4=CC=C(C5=C(OCCO6)C6=C(C7=CC=C(S7)C8=CC=C(N(C9=CC(OC)=C(OC)C(OC)=C9)C%10=C%11C=CC=C%10)C%11=C8)S5)S4)C=C3C%12=C2C=CC=C%12)C=C1OC,-5.25,-3.14,19.34,1.04,0.66,13.3,22.26,1.07,0.75,17.75,10.1039.C8CC06791K
COC1=CC=C(N(C2=CC=C(C3=CC=C(C(C=C4)=C5C=C4C6=CC=C(N(C7=CC=C(OC)C=C7)C8=CC=C(OC)C=C8)C=C6)C(C59C(C=CC=C%10)=C%10C(C=CC=C%11)=C%11C9=O)=C3)C=C2)C%12=CC=C(OC)C=C%12)C=C1,-5.34,-2.39,20.91,1.03,0.68,14.72,20.94,1.06,0.73,16.08,10.1002.cssc.201801258
COC1=CC=C(N(C2=CC=C(C3=CC=C(C(C=C4)=C5C=C4C6=CC=C(N(C7=CC=C(OC)C=C7)C8=CC=C(OC)C=C8)C=C6)C(C59C(C=C(C%10=CC=C(N(C%11=CC=C(OC)C=C%11)C%12=CC=C(OC)C=C%12)C=C%10)C=C%13)=C%13C(C=CC(C%14=CC=C(N(C%15=CC=C(OC)C=C%15)C%16=CC=C(OC)C=C%16)C=C%14)=C%17)=C%17C9=O)=C3)C=C2)C%18=CC=C(OC)C=C%18)C=C1,-5.35,-2.47,22.18,1.02,0.71,16.06,20.94,1.06,0.73,16.08,10.1002.cssc.201801258
CCC(CCCC)CN1C2=C(SC(C3=CC=C(S3)C(C=C4OCCCCCC)=C(OCCCCCC)C=C4C5=CC=C(S5)/C=C6C(N(CCCCCCCC)C(S/6)=O)=O)=C2)C7=C1C=C(S7)C8=CC=C(S8)C(C=C9OCCCCCC)=C(OCCCCCC)C=C9C%10=CC=C(S%10)/C=C%11C(N(CCCCCCCC)C(S/%11)=O)=O,-5.15,-3.45,19.12,0.95,0.58,10.54,17.5,0.96,0.5,7.5,10.1080.15421406.2018.1456043
COC1=CC=CC=C1C2=CN=C(C3=CC=C(C4=NC=C(S4)C5=CC=CC=C5OC)C6=NSN=C63)S2,-5.66,-3.34,13.58,0.87,0.63,7.44,-,-,-,-,10.1002.ajoc.201800490
CC1=CC=CC=C1C2=CN=C(C3=CC=C(C4=NC=C(S4)C5=CC=CC=C5C)C6=NSN=C63)S2,-5.44,-3.09,11.87,0.83,0.63,6.2,-,-,-,-,10.1002.ajoc.201800490
C1(C2=CC=C(N(C3=CC=CC=C3)C4=CC=CC=C4)C=C2)=CN=C(C5=CC=C(C6=NC=C(C7=CC=C(N(C8=CC=CC=C8)C9=CC=CC=C9)C=C7)S6)C%10=NSN=C%105)S1,-5.6,-3.51,12.81,0.88,0.62,6.99,-,-,-,-,10.1002.ajoc.201800490
COC1=CC=C(N(C2=CC=C(C#CC#CC3=CC=C(N(C4=CC=C(OC)C=C4)C5=CC=C(OC)C=C5)C=C3)C=C2)C6=CC=C(OC)C=C6)C=C1,-,-,10.84,0.83,0.62,5.63,19.67,1,0.78,15.34,10.1039.C7CP07682G
CCOC1=CC=C(N(C2=CC=C(C#CC#CC3=CC=C(N(C4=CC=C(OCC)C=C4)C5=CC=C(OCC)C=C5)C=C3)C=C2)C6=CC=C(OCC)C=C6)C=C1,-5.38,-,4.1,0.77,0.32,1.02,19.67,1,0.78,15.34,10.1039.C7CP07682G
CCCOC1=CC=C(N(C2=CC=C(C#CC#CC3=CC=C(N(C4=CC=C(OCCC)C=C4)C5=CC=C(OCCC)C=C5)C=C3)C=C2)C6=CC=C(OCCC)C=C6)C=C1,-5.36,-,10.33,0.79,0.59,4.83,19.67,1,0.78,15.34,10.1039.C7CP07682G
CC(C)OC1=CC=C(N(C2=CC=C(C#CC#CC3=CC=C(N(C4=CC=C(OC(C)C)C=C4)C5=CC=C(OC(C)C)C=C5)C=C3)C=C2)C6=CC=C(OC(C)C)C=C6)C=C1,-5.38,-,9.89,0.8,0.41,3.24,19.67,1,0.78,15.34,10.1039.C7CP07682G
CCCCOC1=CC=C(N(C2=CC=C(OCCCC)C=C2)C3=CC=C(C#CC#CC4=CC=C(N(C5=CC=C(OCCCC)C=C5)C6=CC=C(OCCCC)C=C6)C=C4)C=C3)C=C1,-5.36,-,7.02,0.77,0.61,3.29,19.67,1,0.78,15.34,10.1039.C7CP07682G
COC1=CC=C(N(C2=CC=C(OC)C=C2)C3=CC=C4C(C5=CC(N(C6=CC=C(OC)C=C6)C7=CC=C(OC)C=C7)=CC=C5N4C8=CC=C(N(C9=CC=C(N%10C%11=CC=C(N(C%12=CC=C(OC)C=C%12)C%13=CC=C(OC)C=C%13)C=C%11C%14=CC(N(C%15=CC=C(OC)C=C%15)C%16=CC=C(OC)C=C%16)=CC=C%14%10)C=C9)C%17=CC=C(N%18C%19=CC=C(N(C%20=CC=C(OC)C=C%20)C%21=CC=C(OC)C=C%21)C=C%19C%22=CC(N(C%23=CC=C(OC)C=C%23)C%24=CC=C(OC)C=C%24)=CC=C%22%18)C=C%17)C=C8)=C3)C=C1,-5.03,-2.35,21.98,1.2,0.72,15.89,22.07,1.07,0.72,17.13,10.1007.s11696-018-0484-9
C12=C(C3=CC=CS3)C4=NSN=C4C(C5=CC=CS5)=C1N=C(C6=CC=CC=C6)N2,-5.02,-2.58,4.06,0.68,0.2,0.55,-,-,-,-,10.1109.ICEE44586.2018.8937938
FC(C=C1)=CC=C1C2=NC3=C(C4=CC=CS4)C5=NSN=C5C(C6=CC=CS6)=C3N2,-5.17,-2.78,4.24,0.65,0.21,0.58,-,-,-,-,10.1109.ICEE44586.2018.8937938
COC1=CC=C(N(C2=CC=C(C3=CC=C(C4=CC=C(C5=CC=C(N(C6=CC=C(OC)C=C6)C7=CC=C(OC)C=C7)C=C5)S4)S3)C=C2)C8=CC=C(OC)C=C8)C=C1,-5.33,-2.46,22.99,0.98,0.45,8.63,22.29,1.04,0.75,17.47,10.1002.ente.201800939
COC1=CC=C(N(C2=CC=C(C3=CC(C4)=C(S3)C5=C4C=C(C6=CC=C(N(C7=CC=C(OC)C=C7)C8=CC=C(OC)C=C8)C=C6)S5)C=C2)C9=CC=C(OC)C=C9)C=C1,-5.17,-2.6,22.59,1.05,0.77,18.77,22.29,1.04,0.75,17.47,10.1002.ente.201800939
COC1=CC=C(N(C2=CC=C(C3=CC(C4(CCCCCC)CCCCCC)=C(S3)C5=C4C=C(C6=CC=C(N(C7=CC=C(OC)C=C7)C8=CC=C(OC)C=C8)C=C6)S5)C=C2)C9=CC=C(OC)C=C9)C=C1,-5.15,-2.61,21.24,1.07,0.77,15.67,22.29,1.04,0.75,17.47,10.1002.ente.201800939
COC1=CC=C(N(C2=CC=C(N(C3=CC=C(C4=CC5=C(C(SC(C6=CC=C(N7C8=CC=C(N(C9=CC=C(OC)C=C9)C%10=CC=C(OC)C=C%10)C=C8C%11=C7C=CC(N(C%12=CC=C(OC)C=C%12)C%13=CC=C(OC)C=C%13)=C%11)C=C6)=C%14)=C%14C5)S4)C=C3)C%15=C%16C=C(N(C%17=CC=C(OC)C=C%17)C%18=CC=C(OC)C=C%18)C=C%15)C%16=C2)C%19=CC=C(OC)C=C%19)C=C1,-5.18,-2.56,22.37,1.04,0.76,17.27,22.29,1.04,0.75,17.47,10.1002.ente.201800939
COC1=CC=C(N(C2=CC=C(N(C3=CC=C(C4=CC5=C(C(SC(C6=CC=C(N7C8=CC=C(N(C9=CC=C(OC)C=C9)C%10=CC=C(OC)C=C%10)C=C8C%11=C7C=CC(N(C%12=CC=C(OC)C=C%12)C%13=CC=C(OC)C=C%13)=C%11)C=C6)=C%14)=C%14C5(CCCCCC)CCCCCC)S4)C=C3)C%15=C%16C=C(N(C%17=CC=C(OC)C=C%17)C%18=CC=C(OC)C=C%18)C=C%15)C%16=C2)C%19=CC=C(OC)C=C%19)C=C1,-5.18,-2.6,21.22,1.04,0.69,14.48,22.29,1.04,0.75,17.47,10.1002.ente.201800939
COC1=CC=C(N(C2=CC=C(C3=CC4=C(N(CCCCCC)C5=C4C=C(C6=CC=C(N(C7=CC=C(OC)C=C7)C8=CC=C(OC)C=C8)C=C6)C=C5)C=C3)C=C2)C9=CC=C(OC)C=C9)C=C1,-5.22,-2.02,18.9,1.02,0.5,9.6,17.8,0.99,0.57,10.1,10.1021.acsaem.7b00208
COC1=CC=C(N(C2=CC=C(C3=CC(S4)=C(N(CCCCCC)C5=C4C=C(C6=CC=C(N(C7=CC=C(OC)C=C7)C8=CC=C(OC)C=C8)C=C6)C=C5)C=C3)C=C2)C9=CC=C(OC)C=C9)C=C1,-5.17,-2.17,21.8,0.99,0.53,11.4,17.8,0.99,0.57,10.1,10.1021.acsaem.7b00208
CSC1=C(SC)S/C(S1)=C\C2=CC(C34C5=C(C6=C4C=C(C=C6)/C=C(S7)\SC(SC)=C7SC)C=CC(/C=C(S8)\SC(SC)=C8SC)=C5)=C(OC9=C3C=C(C=C9)/C=C(S%10)\SC(SC)=C%10SC)C=C2,-5.16,-2.53,19.23,1.03,0.54,10.67,14.53,0.66,0.35,3.37,10.1021.acs.orglett.7b03918
CSC1=C(SC)S/C(S1)=C\C2=CC(C(C3=C4C=C(C=C(S5)SC(SC)=C5SC)C=C3)6C7=C(O4)C=C(C=C(S8)SC(SC)=C8SC)C=C7)=C(C9=C6C=C(C=C9)/C=C(S%10)\SC(SC)=C%10SC)C=C2,-5.19,-2.57,19.05,0.98,0.47,8.78,14.53,0.66,0.35,3.37,10.1021.acs.orglett.7b03918
COC(C=C1)=CC=C1N(C2=CC=C(OC)C=C2)C3=CC4=C(C=C3)C(CCP(O)(O)=O)C5=C4C=C(N(C6=CC=C(OC)C=C6)C7=CC=C(OC)C=C7)C=C5,-,-,21.9,1.09,0.81,17.8,21.8,1.13,0.81,19.2,10.1002.aenm.201801892
COC1=CC=C(N(C2=CC=C(C(C=C3)=CC4=C3N(C5=CC=C(N(C6=CC=C(OC)C=C6)C7=CC=C(OC)C=C7)C=C5)C8=CC=C(C9=CC=C(N(C%10=CC=C(OC)C=C%10)C%11=CC=C(OC)C=C%11)C=C9)C=C84)C=C2)C%12=CC=C(OC)C=C%12)C=C1,-5.24,-1.93,19.6,1.02,0.71,14.29,22.02,1.11,0.75,18.25,10.1039.c8tc04191a